北京,S1线,金安桥
北京,S1线,四道桥
北京,S1线,桥户营
北京,S1线,上岸
北京,S1线,栗园庄
北京,S1线,小园
北京,S1线,石厂
北京,1号线,苹果园
北京,1号线,古城
北京,1号线,八角游乐园
北京,1号线,八宝山
北京,1号线,玉泉路
北京,1号线,五棵松
北京,1号线,万寿路
北京,1号线,公主坟
北京,1号线,军事博物馆
北京,1号线,木樨地
北京,1号线,南礼士路
北京,1号线,复兴门
北京,1号线,西单
北京,1号线,天安门西
北京,1号线,天安门东
北京,1号线,王府井
北京,1号线,东单
北京,1号线,建国门
北京,1号线,永安里
北京,1号线,国贸
北京,1号线,大望路
北京,1号线,四惠
北京,1号线,四惠东
北京,2号线,积水潭
北京,2号线,鼓楼大街
北京,2号线,安定门
北京,2号线,雍和宫
北京,2号线,东直门
北京,2号线,东四十条
北京,2号线,朝阳门
北京,2号线,建国门
北京,2号线,北京站
北京,2号线,崇文门
北京,2号线,前门
北京,2号线,和平门
北京,2号线,宣武门
北京,2号线,长椿街
北京,2号线,复兴门
北京,2号线,阜成门
北京,2号线,车公庄
北京,2号线,西直门
北京,4号线大兴线,天宫院
北京,4号线大兴线,生物医药基地
北京,4号线大兴线,义和庄
北京,4号线大兴线,黄村火车站
北京,4号线大兴线,黄村西大街
北京,4号线大兴线,清源路
北京,4号线大兴线,枣园
北京,4号线大兴线,高米店南
北京,4号线大兴线,高米店北
北京,4号线大兴线,西红门
北京,4号线大兴线,新宫
北京,4号线大兴线,公益西桥
北京,4号线大兴线,角门西
北京,4号线大兴线,马家堡
北京,4号线大兴线,北京南站
北京,4号线大兴线,陶然亭
北京,4号线大兴线,菜市口
北京,4号线大兴线,宣武门
北京,4号线大兴线,西单
北京,4号线大兴线,灵境胡同
北京,4号线大兴线,西四
北京,4号线大兴线,平安里
北京,4号线大兴线,新街口
北京,4号线大兴线,西直门
北京,4号线大兴线,动物园
北京,4号线大兴线,国家图书馆
北京,4号线大兴线,魏公村
北京,4号线大兴线,人民大学
北京,4号线大兴线,海淀黄庄
北京,4号线大兴线,中关村
北京,4号线大兴线,北京大学东门
北京,4号线大兴线,圆明园
北京,4号线大兴线,西苑
北京,4号线大兴线,北宫门
北京,4号线大兴线,安河桥北
北京,5号线,宋家庄
北京,5号线,刘家窑
北京,5号线,蒲黄榆
北京,5号线,天坛东门
北京,5号线,磁器口
北京,5号线,崇文门
北京,5号线,东单
北京,5号线,灯市口
北京,5号线,东四
北京,5号线,张自忠路
北京,5号线,北新桥
北京,5号线,雍和宫
北京,5号线,和平里北街
北京,5号线,和平西桥
北京,5号线,惠新西街南口
北京,5号线,惠新西街北口
北京,5号线,大屯路东
北京,5号线,北苑路北
北京,5号线,立水桥南
北京,5号线,立水桥
北京,5号线,天通苑南
北京,5号线,天通苑
北京,5号线,天通苑北
北京,6号线,潞城
北京,6号线,东夏园
北京,6号线,郝家府
北京,6号线,北运河东
北京,6号线,北运河西
北京,6号线,通州北关
北京,6号线,物资学院路
北京,6号线,草房
北京,6号线,常营
北京,6号线,黄渠
北京,6号线,褡裢坡
北京,6号线,青年路
北京,6号线,十里堡
北京,6号线,金台路
北京,6号线,呼家楼
北京,6号线,东大桥
北京,6号线,朝阳门
北京,6号线,东四
北京,6号线,南锣鼓巷
北京,6号线,北海北
北京,6号线,平安里
北京,6号线,车公庄
北京,6号线,车公庄西
北京,6号线,白石桥南
北京,6号线,花园桥
北京,6号线,慈寿寺
北京,6号线,海淀五路居
北京,6号线,田村
北京,6号线,廖公庄
北京,6号线,西黄村
北京,6号线,杨庄
北京,6号线,金安桥
北京,7号线,焦化厂
北京,7号线,双合
北京,7号线,垡头
北京,7号线,欢乐谷景区
北京,7号线,南楼梓庄
北京,7号线,化工
北京,7号线,百子湾
北京,7号线,大郊亭
北京,7号线,九龙山
北京,7号线,广渠门外
北京,7号线,广渠门内
北京,7号线,磁器口
北京,7号线,桥湾
北京,7号线,珠市口
北京,7号线,虎坊桥
北京,7号线,菜市口
北京,7号线,广安门内
北京,7号线,达官营
北京,7号线,湾子
北京,7号线,北京西站
北京,8号线北段,中国美术馆
北京,8号线北段,南锣鼓巷
北京,8号线北段,什刹海
北京,8号线北段,鼓楼大街
北京,8号线北段,安德里北街
北京,8号线北段,安华桥
北京,8号线北段,北土城
北京,8号线北段,奥体中心
北京,8号线北段,奥林匹克公园
北京,8号线北段,森林公园南门
北京,8号线北段,林萃桥
北京,8号线北段,永泰庄
北京,8号线北段,西小口
北京,8号线北段,育新
北京,8号线北段,霍营
北京,8号线北段,回龙观东大街
北京,8号线北段,平西府
北京,8号线北段,育知路
北京,8号线北段,朱辛庄
北京,8号线南段,珠市口
北京,8号线南段,天桥
北京,8号线南段,永定门外
北京,8号线南段,木樨园
北京,8号线南段,海户屯
北京,8号线南段,大红门南
北京,8号线南段,和义
北京,8号线南段,东高地
北京,8号线南段,火箭万源
北京,8号线南段,五福堂
北京,8号线南段,德茂
北京,8号线南段,瀛海
北京,9号线,郭公庄
北京,9号线,丰台科技园
北京,9号线,科怡路
北京,9号线,丰台南路
北京,9号线,丰台东大街
北京,9号线,七里庄
北京,9号线,六里桥
北京,9号线,六里桥东
北京,9号线,北京西站
北京,9号线,军事博物馆
北京,9号线,白堆子
北京,9号线,白石桥南
北京,9号线,国家图书馆
北京,10号线,巴沟
北京,10号线,苏州街
北京,10号线,海淀黄庄
北京,10号线,知春里
北京,10号线,知春路
北京,10号线,西土城
北京,10号线,牡丹园
北京,10号线,健德门
北京,10号线,北土城
北京,10号线,安贞门
北京,10号线,惠新西街南口
北京,10号线,芍药居
北京,10号线,太阳宫
北京,10号线,三元桥
北京,10号线,亮马桥
北京,10号线,农业展览馆
北京,10号线,团结湖
北京,10号线,呼家楼
北京,10号线,金台夕照
北京,10号线,国贸
北京,10号线,双井
北京,10号线,劲松
北京,10号线,潘家园
北京,10号线,十里河
北京,10号线,分钟寺
北京,10号线,成寿寺
北京,10号线,宋家庄
北京,10号线,石榴庄
北京,10号线,大红门
北京,10号线,角门东
北京,10号线,角门西
北京,10号线,草桥
北京,10号线,纪家庙
北京,10号线,首经贸
北京,10号线,丰台站
北京,10号线,泥洼
北京,10号线,西局
北京,10号线,六里桥
北京,10号线,莲花桥
北京,10号线,公主坟
北京,10号线,西钓鱼台
北京,10号线,慈寿寺
北京,10号线,车道沟
北京,10号线,长春桥
北京,10号线,火器营
北京,13号线,西直门
北京,13号线,大钟寺
北京,13号线,知春路
北京,13号线,五道口
北京,13号线,上地
北京,13号线,西二旗
北京,13号线,龙泽
北京,13号线,回龙观
北京,13号线,霍营
北京,13号线,立水桥
北京,13号线,北苑
北京,13号线,望京西
北京,13号线,芍药居
北京,13号线,光熙门
北京,13号线,柳芳
北京,13号线,东直门
北京,14号线东段,善各庄
北京,14号线东段,来广营
北京,14号线东段,东湖渠
北京,14号线东段,望京
北京,14号线东段,阜通
北京,14号线东段,望京南
北京,14号线东段,将台
北京,14号线东段,东风北桥
北京,14号线东段,枣营
北京,14号线东段,朝阳公园
北京,14号线东段,金台路
北京,14号线东段,大望路
北京,14号线东段,九龙山
北京,14号线东段,平乐园
北京,14号线东段,北工大西门
北京,14号线东段,十里河
北京,14号线东段,方庄
北京,14号线东段,蒲黄榆
北京,14号线东段,景泰
北京,14号线东段,永定门外
北京,14号线东段,北京南站
北京,14号线西段,西局
北京,14号线西段,七里庄
北京,14号线西段,大井
北京,14号线西段,郭庄子
北京,14号线西段,大瓦窑
北京,14号线西段,园博园
北京,14号线西段,张郭庄
北京,15号线,俸伯
北京,15号线,顺义
北京,15号线,石门
北京,15号线,南法信
北京,15号线,后沙峪
北京,15号线,花梨坎
北京,15号线,国展
北京,15号线,孙河
北京,15号线,马泉营
北京,15号线,崔各庄
北京,15号线,望京东
北京,15号线,望京
北京,15号线,望京西
北京,15号线,关庄
北京,15号线,大屯路东
北京,15号线,安立路
北京,15号线,奥林匹克公园
北京,15号线,北沙滩
北京,15号线,六道口
北京,15号线,清华东路西口
北京,16号线,北安河
北京,16号线,温阳路
北京,16号线,稻香湖路
北京,16号线,屯佃
北京,16号线,永丰
北京,16号线,永丰南
北京,16号线,西北旺
北京,16号线,马连洼
北京,16号线,农大南路
北京,16号线,西苑
北京,八通线,四惠
北京,八通线,四惠东
北京,八通线,高碑店
北京,八通线,传媒大学
北京,八通线,双桥
北京,八通线,管庄
北京,八通线,八里桥
北京,八通线,通州北苑
北京,八通线,果园
北京,八通线,九棵树
北京,八通线,梨园
北京,八通线,临河里
北京,八通线,土桥
北京,昌平线,昌平西山口
北京,昌平线,十三陵景区
北京,昌平线,昌平
北京,昌平线,昌平东关
北京,昌平线,北邵洼
北京,昌平线,南邵
北京,昌平线,沙河高教园
北京,昌平线,沙河
北京,昌平线,巩华城
北京,昌平线,朱辛庄
北京,昌平线,生命科学园
北京,昌平线,西二旗
北京,房山线,阎村东
北京,房山线,苏庄
北京,房山线,良乡南关
北京,房山线,良乡大学城西
北京,房山线,良乡大学城
北京,房山线,良乡大学城北
北京,房山线,广阳城
北京,房山线,篱笆房
北京,房山线,长阳
北京,房山线,稻田
北京,房山线,大葆台
北京,房山线,郭公庄
北京,机场线,T3航站楼
北京,机场线,T2航站楼
北京,机场线,三元桥
北京,机场线,东直门
北京,西郊线,巴沟
北京,西郊线,颐和园西门
北京,西郊线,茶棚
北京,西郊线,万安
北京,西郊线,植物园
北京,西郊线,香山
北京,燕房线,阎村东
北京,燕房线,紫草坞
北京,燕房线,阎村
北京,燕房线,星城
北京,燕房线,大石河东
北京,燕房线,马各庄
北京,燕房线,饶乐府
北京,燕房线,房山城关
北京,燕房线,燕山
北京,亦庄线,宋家庄
北京,亦庄线,肖村
北京,亦庄线,小红门
北京,亦庄线,旧宫
北京,亦庄线,亦庄桥
北京,亦庄线,亦庄文化园
北京,亦庄线,万源街
北京,亦庄线,荣京东街
北京,亦庄线,荣昌东街
北京,亦庄线,同济南路
北京,亦庄线,经海路
北京,亦庄线,次渠南
北京,亦庄线,次渠
北京,亦庄线,亦庄火车站
上海,1号线,莘庄
上海,1号线,外环路
上海,1号线,莲花路
上海,1号线,锦江乐园
上海,1号线,上海南站
上海,1号线,漕宝路
上海,1号线,上海体育馆
上海,1号线,徐家汇
上海,1号线,衡山路
上海,1号线,常熟路
上海,1号线,陕西南路
上海,1号线,黄陂南路
上海,1号线,人民广场
上海,1号线,新闸路
上海,1号线,汉中路
上海,1号线,上海火车站
上海,1号线,中山北路
上海,1号线,延长路
上海,1号线,上海马戏城
上海,1号线,汶水路
上海,1号线,彭浦新村
上海,1号线,共康路
上海,1号线,通河新村
上海,1号线,呼兰路
上海,1号线,共富新村
上海,1号线,宝安公路
上海,1号线,友谊西路
上海,1号线,富锦路
上海,2号线(广兰路-徐泾东),广兰路
上海,2号线(广兰路-徐泾东),金科路
上海,2号线(广兰路-徐泾东),张江高科
上海,2号线(广兰路-徐泾东),龙阳路
上海,2号线(广兰路-徐泾东),世纪公园
上海,2号线(广兰路-徐泾东),上海科技馆
上海,2号线(广兰路-徐泾东),世纪大道
上海,2号线(广兰路-徐泾东),东昌路
上海,2号线(广兰路-徐泾东),陆家嘴
上海,2号线(广兰路-徐泾东),南京东路
上海,2号线(广兰路-徐泾东),人民广场
上海,2号线(广兰路-徐泾东),南京西路
上海,2号线(广兰路-徐泾东),静安寺
上海,2号线(广兰路-徐泾东),江苏路
上海,2号线(广兰路-徐泾东),中山公园
上海,2号线(广兰路-徐泾东),娄山关路
上海,2号线(广兰路-徐泾东),威宁路
上海,2号线(广兰路-徐泾东),北新泾
上海,2号线(广兰路-徐泾东),淞虹路
上海,2号线(广兰路-徐泾东),虹桥2号航站楼
上海,2号线(广兰路-徐泾东),虹桥火车站
上海,2号线(广兰路-徐泾东),徐泾东
上海,2号线\2号线东延线(广兰路-浦东国际机场),浦东国际机场
上海,2号线\2号线东延线(广兰路-浦东国际机场),海天三路
上海,2号线\2号线东延线(广兰路-浦东国际机场),远东大道
上海,2号线\2号线东延线(广兰路-浦东国际机场),凌空路
上海,2号线\2号线东延线(广兰路-浦东国际机场),川沙
上海,2号线\2号线东延线(广兰路-浦东国际机场),华夏东路
上海,2号线\2号线东延线(广兰路-浦东国际机场),创新中路
上海,2号线\2号线东延线(广兰路-浦东国际机场),唐镇
上海,2号线\2号线东延线(广兰路-浦东国际机场),广兰路
上海,3号线,江杨北路
上海,3号线,铁力路
上海,3号线,友谊路
上海,3号线,宝杨路
上海,3号线,水产路
上海,3号线,淞滨路
上海,3号线,张华浜
上海,3号线,淞发路
上海,3号线,长江南路
上海,3号线,殷高西路
上海,3号线,江湾镇
上海,3号线,大柏树
上海,3号线,赤峰路
上海,3号线,虹口足球场
上海,3号线,东宝兴路
上海,3号线,宝山路
上海,3号线,上海火车站
上海,3号线,中潭路
上海,3号线,镇坪路
上海,3号线,曹杨路
上海,3号线,金沙江路
上海,3号线,中山公园
上海,3号线,延安西路
上海,3号线,虹桥路
上海,3号线,宜山路
上海,3号线,漕溪路
上海,3号线,龙漕路
上海,3号线,石龙路
上海,3号线,上海南站
上海,4号线,宜山路
上海,4号线,虹桥路
上海,4号线,延安西路
上海,4号线,中山公园
上海,4号线,金沙江路
上海,4号线,曹杨路
上海,4号线,镇坪路
上海,4号线,中潭路
上海,4号线,上海火车站
上海,4号线,宝山路
上海,4号线,海伦路
上海,4号线,临平路
上海,4号线,大连路
上海,4号线,杨树浦路
上海,4号线,浦东大道
上海,4号线,世纪大道
上海,4号线,浦电路(4号线)
上海,4号线,蓝村路
上海,4号线,塘桥
上海,4号线,南浦大桥
上海,4号线,西藏南路
上海,4号线,鲁班路
上海,4号线,大木桥路
上海,4号线,东安路
上海,4号线,上海体育场
上海,4号线,上海体育馆
上海,5号线(东川路--闵行开发区),闵行开发区
上海,5号线(东川路--闵行开发区),文井路
上海,5号线(东川路--闵行开发区),华宁路
上海,5号线(东川路--闵行开发区),金平路
上海,5号线(东川路--闵行开发区),东川路
上海,5号线(莘庄--奉贤新城),莘庄
上海,5号线(莘庄--奉贤新城),春申路
上海,5号线(莘庄--奉贤新城),银都路
上海,5号线(莘庄--奉贤新城),颛桥
上海,5号线(莘庄--奉贤新城),北桥
上海,5号线(莘庄--奉贤新城),剑川路
上海,5号线(莘庄--奉贤新城),东川路
上海,5号线(莘庄--奉贤新城),江川路
上海,5号线(莘庄--奉贤新城),西渡
上海,5号线(莘庄--奉贤新城),萧塘
上海,5号线(莘庄--奉贤新城),奉浦大道
上海,5号线(莘庄--奉贤新城),环城东路
上海,5号线(莘庄--奉贤新城),望园路
上海,5号线(莘庄--奉贤新城),金海湖
上海,5号线(莘庄--奉贤新城),奉贤新城
上海,6号线,东方体育中心
上海,6号线,灵岩南路
上海,6号线,上南路
上海,6号线,华夏西路
上海,6号线,高青路
上海,6号线,东明路
上海,6号线,高科西路
上海,6号线,临沂新村
上海,6号线,上海儿童医学中心
上海,6号线,蓝村路
上海,6号线,浦电路(6号线)
上海,6号线,世纪大道
上海,6号线,源深体育中心
上海,6号线,民生路
上海,6号线,北洋泾路
上海,6号线,德平路
上海,6号线,云山路
上海,6号线,金桥路
上海,6号线,博兴路
上海,6号线,五莲路
上海,6号线,巨峰路
上海,6号线,东靖路
上海,6号线,五洲大道
上海,6号线,洲海路
上海,6号线,外高桥保税区南
上海,6号线,航津路
上海,6号线,外高桥保税区北
上海,6号线,港城路
上海,7号线,花木路
上海,7号线,龙阳路
上海,7号线,芳华路
上海,7号线,锦绣路
上海,7号线,杨高南路
上海,7号线,高科西路
上海,7号线,云台路
上海,7号线,耀华路
上海,7号线,长清路
上海,7号线,后滩
上海,7号线,龙华中路
上海,7号线,东安路
上海,7号线,肇嘉浜路
上海,7号线,常熟路
上海,7号线,静安寺
上海,7号线,昌平路
上海,7号线,长寿路
上海,7号线,镇坪路
上海,7号线,岚皋路
上海,7号线,新村路
上海,7号线,大华三路
上海,7号线,行知路
上海,7号线,大场镇
上海,7号线,场中路
上海,7号线,上大路
上海,7号线,南陈路
上海,7号线,上海大学
上海,7号线,祁华路
上海,7号线,顾村公园
上海,7号线,刘行
上海,7号线,潘广路
上海,7号线,罗南新村
上海,7号线,美兰湖
上海,8号线,沈杜公路
上海,8号线,联航路
上海,8号线,江月路
上海,8号线,浦江镇
上海,8号线,芦恒路
上海,8号线,凌兆新村
上海,8号线,东方体育中心
上海,8号线,杨思
上海,8号线,成山路
上海,8号线,耀华路
上海,8号线,中华艺术宫
上海,8号线,西藏南路
上海,8号线,陆家浜路
上海,8号线,老西门
上海,8号线,大世界
上海,8号线,人民广场
上海,8号线,曲阜路
上海,8号线,中兴路
上海,8号线,西藏北路
上海,8号线,虹口足球场
上海,8号线,曲阳路
上海,8号线,四平路
上海,8号线,鞍山新村
上海,8号线,江浦路
上海,8号线,黄兴路
上海,8号线,延吉中路
上海,8号线,黄兴公园
上海,8号线,翔殷路
上海,8号线,嫩江路
上海,8号线,市光路
上海,9号线,曹路
上海,9号线,民雷路
上海,9号线,顾唐路
上海,9号线,金海路
上海,9号线,金吉路
上海,9号线,金桥
上海,9号线,台儿庄路
上海,9号线,蓝天路
上海,9号线,芳甸路
上海,9号线,杨高中路
上海,9号线,世纪大道
上海,9号线,商城路
上海,9号线,小南门
上海,9号线,陆家浜路
上海,9号线,马当路
上海,9号线,打浦桥
上海,9号线,嘉善路
上海,9号线,肇嘉浜路
上海,9号线,徐家汇
上海,9号线,宜山路
上海,9号线,桂林路
上海,9号线,漕河泾开发区
上海,9号线,合川路
上海,9号线,星中路
上海,9号线,七宝
上海,9号线,中春路
上海,9号线,九亭
上海,9号线,泗泾
上海,9号线,佘山
上海,9号线,洞泾
上海,9号线,松江大学城
上海,9号线,松江新城
上海,9号线,松江体育中心
上海,9号线,醉白池
上海,9号线,松江南站
上海,10号线(航中路-新江湾城),新江湾城
上海,10号线(航中路-新江湾城),殷高东路
上海,10号线(航中路-新江湾城),三门路
上海,10号线(航中路-新江湾城),江湾体育场
上海,10号线(航中路-新江湾城),五角场
上海,10号线(航中路-新江湾城),国权路
上海,10号线(航中路-新江湾城),同济大学
上海,10号线(航中路-新江湾城),四平路
上海,10号线(航中路-新江湾城),邮电新村
上海,10号线(航中路-新江湾城),海伦路
上海,10号线(航中路-新江湾城),四川北路
上海,10号线(航中路-新江湾城),天潼路
上海,10号线(航中路-新江湾城),南京东路
上海,10号线(航中路-新江湾城),豫园
上海,10号线(航中路-新江湾城),老西门
上海,10号线(航中路-新江湾城),新天地
上海,10号线(航中路-新江湾城),陕西南路
上海,10号线(航中路-新江湾城),上海图书馆
上海,10号线(航中路-新江湾城),交通大学
上海,10号线(航中路-新江湾城),虹桥路
上海,10号线(航中路-新江湾城),宋园路
上海,10号线(航中路-新江湾城),伊犁路
上海,10号线(航中路-新江湾城),水城路
上海,10号线(航中路-新江湾城),龙溪路
上海,10号线(航中路-新江湾城),龙柏新村
上海,10号线(航中路-新江湾城),紫藤路
上海,10号线(航中路-新江湾城),航中路
上海,10号线(虹桥火车站-新江湾城),新江湾城
上海,10号线(虹桥火车站-新江湾城),殷高东路
上海,10号线(虹桥火车站-新江湾城),三门路
上海,10号线(虹桥火车站-新江湾城),江湾体育场
上海,10号线(虹桥火车站-新江湾城),五角场
上海,10号线(虹桥火车站-新江湾城),国权路
上海,10号线(虹桥火车站-新江湾城),同济大学
上海,10号线(虹桥火车站-新江湾城),四平路
上海,10号线(虹桥火车站-新江湾城),邮电新村
上海,10号线(虹桥火车站-新江湾城),海伦路
上海,10号线(虹桥火车站-新江湾城),四川北路
上海,10号线(虹桥火车站-新江湾城),天潼路
上海,10号线(虹桥火车站-新江湾城),南京东路
上海,10号线(虹桥火车站-新江湾城),豫园
上海,10号线(虹桥火车站-新江湾城),老西门
上海,10号线(虹桥火车站-新江湾城),新天地
上海,10号线(虹桥火车站-新江湾城),陕西南路
上海,10号线(虹桥火车站-新江湾城),上海图书馆
上海,10号线(虹桥火车站-新江湾城),交通大学
上海,10号线(虹桥火车站-新江湾城),虹桥路
上海,10号线(虹桥火车站-新江湾城),宋园路
上海,10号线(虹桥火车站-新江湾城),伊犁路
上海,10号线(虹桥火车站-新江湾城),水城路
上海,10号线(虹桥火车站-新江湾城),龙溪路
上海,10号线(虹桥火车站-新江湾城),上海动物园
上海,10号线(虹桥火车站-新江湾城),虹桥1号航站楼
上海,10号线(虹桥火车站-新江湾城),虹桥2号航站楼
上海,10号线(虹桥火车站-新江湾城),虹桥火车站
上海,11号线(嘉定北-迪士尼),嘉定北
上海,11号线(嘉定北-迪士尼),嘉定西
上海,11号线(嘉定北-迪士尼),白银路
上海,11号线(嘉定北-迪士尼),嘉定新城
上海,11号线(嘉定北-迪士尼),马陆
上海,11号线(嘉定北-迪士尼),南翔
上海,11号线(嘉定北-迪士尼),桃浦新村
上海,11号线(嘉定北-迪士尼),武威路
上海,11号线(嘉定北-迪士尼),祁连山路
上海,11号线(嘉定北-迪士尼),李子园
上海,11号线(嘉定北-迪士尼),上海西站
上海,11号线(嘉定北-迪士尼),真如
上海,11号线(嘉定北-迪士尼),枫桥路
上海,11号线(嘉定北-迪士尼),曹杨路
上海,11号线(嘉定北-迪士尼),隆德路
上海,11号线(嘉定北-迪士尼),江苏路
上海,11号线(嘉定北-迪士尼),交通大学
上海,11号线(嘉定北-迪士尼),徐家汇
上海,11号线(嘉定北-迪士尼),上海游泳馆
上海,11号线(嘉定北-迪士尼),龙华
上海,11号线(嘉定北-迪士尼),云锦路
上海,11号线(嘉定北-迪士尼),龙耀路
上海,11号线(嘉定北-迪士尼),东方体育中心
上海,11号线(嘉定北-迪士尼),三林
上海,11号线(嘉定北-迪士尼),三林东
上海,11号线(嘉定北-迪士尼),浦三路
上海,11号线(嘉定北-迪士尼),御桥
上海,11号线(嘉定北-迪士尼),罗山路
上海,11号线(嘉定北-迪士尼),秀沿路
上海,11号线(嘉定北-迪士尼),康新公路
上海,11号线(嘉定北-迪士尼),迪士尼
上海,11号线(花桥-迪士尼),迪士尼
上海,11号线(花桥-迪士尼),康新公路
上海,11号线(花桥-迪士尼),秀沿路
上海,11号线(花桥-迪士尼),罗山路
上海,11号线(花桥-迪士尼),御桥
上海,11号线(花桥-迪士尼),浦三路
上海,11号线(花桥-迪士尼),三林东
上海,11号线(花桥-迪士尼),三林
上海,11号线(花桥-迪士尼),东方体育中心
上海,11号线(花桥-迪士尼),龙耀路
上海,11号线(花桥-迪士尼),云锦路
上海,11号线(花桥-迪士尼),龙华
上海,11号线(花桥-迪士尼),上海游泳馆
上海,11号线(花桥-迪士尼),徐家汇
上海,11号线(花桥-迪士尼),交通大学
上海,11号线(花桥-迪士尼),江苏路
上海,11号线(花桥-迪士尼),隆德路
上海,11号线(花桥-迪士尼),曹杨路
上海,11号线(花桥-迪士尼),枫桥路
上海,11号线(花桥-迪士尼),真如
上海,11号线(花桥-迪士尼),上海西站
上海,11号线(花桥-迪士尼),李子园
上海,11号线(花桥-迪士尼),祁连山路
上海,11号线(花桥-迪士尼),武威路
上海,11号线(花桥-迪士尼),桃浦新村
上海,11号线(花桥-迪士尼),南翔
上海,11号线(花桥-迪士尼),马陆
上海,11号线(花桥-迪士尼),嘉定新城
上海,11号线(花桥-迪士尼),上海赛车场
上海,11号线(花桥-迪士尼),昌吉东路
上海,11号线(花桥-迪士尼),上海汽车城
上海,11号线(花桥-迪士尼),安亭
上海,11号线(花桥-迪士尼),兆丰路
上海,11号线(花桥-迪士尼),光明路
上海,11号线(花桥-迪士尼),花桥
上海,12号线,七莘路
上海,12号线,虹莘路
上海,12号线,顾戴路
上海,12号线,东兰路
上海,12号线,虹梅路
上海,12号线,虹漕路
上海,12号线,桂林公园
上海,12号线,漕宝路
上海,12号线,龙漕路
上海,12号线,龙华
上海,12号线,龙华中路
上海,12号线,大木桥路
上海,12号线,嘉善路
上海,12号线,陕西南路
上海,12号线,南京西路
上海,12号线,汉中路
上海,12号线,曲阜路
上海,12号线,天潼路
上海,12号线,国际客运中心
上海,12号线,提篮桥
上海,12号线,大连路
上海,12号线,江浦公园
上海,12号线,宁国路
上海,12号线,隆昌路
上海,12号线,爱国路
上海,12号线,复兴岛
上海,12号线,东陆路
上海,12号线,巨峰路
上海,12号线,杨高北路
上海,12号线,金京路
上海,12号线,申江路
上海,12号线,金海路
上海,13号线,金运路
上海,13号线,金沙江西路
上海,13号线,丰庄
上海,13号线,祁连山南路
上海,13号线,真北路
上海,13号线,大渡河路
上海,13号线,金沙江路
上海,13号线,隆德路
上海,13号线,武宁路
上海,13号线,长寿路
上海,13号线,江宁路
上海,13号线,汉中路
上海,13号线,自然博物馆
上海,13号线,南京西路
上海,13号线,淮海中路
上海,13号线,新天地
上海,13号线,马当路
上海,13号线,世博会博物馆
上海,13号线,世博大道
上海,13号线,长清路
上海,13号线,成山路
上海,13号线,东明路
上海,13号线,华鹏路
上海,13号线,下南路
上海,13号线,北蔡
上海,13号线,陈春路
上海,13号线,莲溪路
上海,13号线,华夏中路
上海,13号线,中科路
上海,13号线,学林路
上海,13号线,张江路
上海,16号线,龙阳路
上海,16号线,华夏中路
上海,16号线,罗山路
上海,16号线,周浦东
上海,16号线,鹤沙航城
上海,16号线,航头东
上海,16号线,新场
上海,16号线,野生动物园
上海,16号线,惠南
上海,16号线,惠南东
上海,16号线,书院
上海,16号线,临港大道
上海,16号线,滴水湖
上海,17号线,虹桥火车站
上海,17号线,诸光路
上海,17号线,蟠龙路
上海,17号线,徐盈路
上海,17号线,徐泾北城
上海,17号线,嘉松中路
上海,17号线,赵巷
上海,17号线,汇金路
上海,17号线,青浦新城
上海,17号线,漕盈路
上海,17号线,淀山湖大道
上海,17号线,朱家角
上海,17号线,东方绿舟
上海,磁悬浮,浦东国际机场
上海,磁悬浮,龙阳路
上海,浦江线,沈杜公路
上海,浦江线,三鲁公路
上海,浦江线,闵瑞路
上海,浦江线,浦航路
上海,浦江线,东城一路
上海,浦江线,汇臻路
广州,1号线,西i
广州,1号线,坑口
广州,1号线,花地湾
广州,1号线,芳村
广州,1号线,黄沙
广州,1号线,长寿路
广州,1号线,陈家祠
广州,1号线,西门口
广州,1号线,公园前
广州,1号线,农讲所
广州,1号线,烈士陵园
广州,1号线,东山口
广州,1号线,杨箕
广州,1号线,体育西路
广州,1号线,体育中心
广州,1号线,广州东站
广州,2号线,广州南站
广州,2号线,石壁
广州,2号线,会江
广州,2号线,南浦
广州,2号线,洛溪
广州,2号线,南洲
广州,2号线,东晓南
广州,2号线,江泰路
广州,2号线,昌岗
广州,2号线,江南西
广州,2号线,市二宫
广州,2号线,海珠广场
广州,2号线,公园前
广州,2号线,纪念堂
广州,2号线,越秀公园
广州,2号线,广州火车站
广州,2号线,三元里
广州,2号线,飞翔公园
广州,2号线,白云公园
广州,2号线,白云文化广场
广州,2号线,萧岗
广州,2号线,江夏
广州,2号线,黄边
广州,2号线,嘉禾望岗
广州,3号线,番禺广场
广州,3号线,市桥
广州,3号线,汉溪长隆
广州,3号线,大石
广州,3号线,厦
广州,3号线,沥
广州,3号线,大塘
广州,3号线,客村
广州,3号线,广州塔
广州,3号线,珠江新城
广州,3号线,体育西路
广州,3号线,石牌桥
广州,3号线,岗顶
广州,3号线,华师
广州,3号线,五山
广州,3号线,天河客运站
广州,3号线(北延段),机场北(2号航站楼)
广州,3号线(北延段),机场南(1号航站楼)
广州,3号线(北延段),高增
广州,3号线(北延段),人和
广州,3号线(北延段),龙归
广州,3号线(北延段),嘉禾望岗
广州,3号线(北延段),白云大道北
广州,3号线(北延段),永泰
广州,3号线(北延段),同和
广州,3号线(北延段),京溪南方医院
广州,3号线(北延段),梅花园
广州,3号线(北延段),燕塘
广州,3号线(北延段),广州东站
广州,3号线(北延段),林和西
广州,3号线(北延段),体育西路
广州,4号线,黄村
广州,4号线,车陂
广州,4号线,车陂南
广州,4号线,万胜围
广州,4号线,官洲
广州,4号线,大学城北
广州,4号线,大学城南
广州,4号线,新造
广州,4号线,石
广州,4号线,海傍
广州,4号线,低涌
广州,4号线,东涌
广州,4号线,庆盛
广州,4号线,黄阁汽车城
广州,4号线,黄阁
广州,4号线,蕉门
广州,4号线,金洲
广州,4号线,飞沙角
广州,4号线,广隆
广州,4号线,大涌
广州,4号线,塘坑
广州,4号线,南横
广州,4号线,南沙客运港
广州,5号线,蚩
广州,5号线,坦尾
广州,5号线,中山八
广州,5号线,西场
广州,5号线,西村
广州,5号线,广州火车站
广州,5号线,小北
广州,5号线,淘金
广州,5号线,区庄
广州,5号线,动物园
广州,5号线,杨箕
广州,5号线,五羊
广州,5号线,珠江新城
广州,5号线,猎德
广州,5号线,潭村
广州,5号线,员村
广州,5号线,科韵路
广州,5号线,车陂南
广州,5号线,东圃
广州,5号线,三溪
广州,5号线,鱼珠
广州,5号线,大沙地
广州,5号线,大沙东
广州,5号线,文冲
广州,6号线,香雪
广州,6号线,萝岗
广州,6号线,苏元
广州,6号线,暹岗
广州,6号线,金峰
广州,6号线,黄陂
广州,6号线,高塘石
广州,6号线,柯木i
广州,6号线,龙洞
广州,6号线,植物园
广州,6号线,长
广州,6号线,天河客运站
广州,6号线,燕塘
广州,6号线,天平架
广州,6号线,沙河顶
广州,6号线,黄花岗
广州,6号线,区庄
广州,6号线,东山口
广州,6号线,东湖
广州,6号线,团一大广场
广州,6号线,北京路
广州,6号线,海珠广场
广州,6号线,一德路
广州,6号线,文化公园
广州,6号线,黄沙
广州,6号线,如意坊
广州,6号线,坦尾
广州,6号线,河沙
广州,6号线,沙贝
广州,6号线,横沙
广州,6号线,浔峰岗
广州,7号线,大学城南
广州,7号线,板桥
广州,7号线,员岗
广州,7号线,南村万博
广州,7号线,汉溪长隆
广州,7号线,钟村
广州,7号线,谢村
广州,7号线,石壁
广州,7号线,广州南站
广州,8号线,凤凰新村
广州,8号线,沙园
广州,8号线,宝岗大道
广州,8号线,昌岗
广州,8号线,晓港
广州,8号线,中大
广州,8号线,鹭江
广州,8号线,客村
广州,8号线,赤岗
广州,8号线,磨碟沙
广州,8号线,新港东
广州,8号线,琶洲
广州,8号线,万胜围
广州,9号线,高增
广州,9号线,清塘
广州,9号线,清布
广州,9号线,莲塘
广州,9号线,马鞍山公园
广州,9号线,花都广场
广州,9号线,花果山公园
广州,9号线,花城路
广州,9号线,广州北站
广州,9号线,花都汽车城
广州,9号线,飞鹅岭
广州,13号线,鱼珠
广州,13号线,裕丰围
广州,13号线,双岗
广州,13号线,南海神庙
广州,13号线,夏园
广州,13号线,南岗
广州,13号线,沙村
广州,13号线,白江
广州,13号线,新塘
广州,13号线,官湖
广州,13号线,新沙
广州,14号线,嘉禾望岗
广州,14号线,白云东平
广州,14号线,夏良
广州,14号线,太和
广州,14号线,竹料
广州,14号线,钟落潭
广州,14号线,马沥
广州,14号线,新和
广州,14号线,太平
广州,14号线,神岗
广州,14号线,赤草
广州,14号线,从化客运站
广州,14号线,东风
广州,14号线支线(知识城线),新和
广州,14号线支线(知识城线),红卫
广州,14号线支线(知识城线),新南
广州,14号线支线(知识城线),枫下
广州,14号线支线(知识城线),知识城
广州,14号线支线(知识城线),何棠下
广州,14号线支线(知识城线),旺村
广州,14号线支线(知识城线),汤村
广州,14号线支线(知识城线),镇龙北
广州,14号线支线(知识城线),镇龙
广州,21号线,镇龙西
广州,21号线,镇龙
广州,21号线,中新
广州,21号线,坑贝
广州,21号线,凤岗
广州,21号线,朱村
广州,21号线,山田
广州,21号线,钟岗
广州,21号线,增城广场
广州,APM线,广州塔
广州,APM线,海心沙
广州,APM线,大剧院
广州,APM线,花城大道
广州,APM线,妇儿中心
广州,APM线,黄埔大道
广州,APM线,天河南
广州,APM线,体育中心南
广州,APM线,林和西
广州,广佛线,沥
广州,广佛线,南洲
广州,广佛线,石溪
广州,广佛线,燕岗
广州,广佛线,沙园
广州,广佛线,沙涌
广州,广佛线,鹤洞
广州,广佛线,西i
广州,广佛线,菊树
广州,广佛线,龙溪
广州,广佛线,金融高新区
广州,广佛线,千灯湖
广州,广佛线,岗
广州,广佛线,南桂路
广州,广佛线,桂城
广州,广佛线,朝安
广州,广佛线,普君北路
广州,广佛线,祖庙
广州,广佛线,同济路
广州,广佛线,季华园
广州,广佛线,魁奇路
广州,广佛线,澜石
广州,广佛线,世纪莲
广州,广佛线,东平
广州,广佛线,新城东
深圳,1号线/罗宝线,罗湖
深圳,1号线/罗宝线,国贸
深圳,1号线/罗宝线,老街
深圳,1号线/罗宝线,大剧院
深圳,1号线/罗宝线,科学馆
深圳,1号线/罗宝线,华强路
深圳,1号线/罗宝线,岗厦
深圳,1号线/罗宝线,会展中心
深圳,1号线/罗宝线,购物公园
深圳,1号线/罗宝线,香蜜湖
深圳,1号线/罗宝线,车公庙
深圳,1号线/罗宝线,竹子林
深圳,1号线/罗宝线,侨城东
深圳,1号线/罗宝线,华侨城
深圳,1号线/罗宝线,世界之窗
深圳,1号线/罗宝线,白石洲
深圳,1号线/罗宝线,高新园
深圳,1号线/罗宝线,深大
深圳,1号线/罗宝线,桃园
深圳,1号线/罗宝线,大新
深圳,1号线/罗宝线,鲤鱼门
深圳,1号线/罗宝线,前海湾
深圳,1号线/罗宝线,新安
深圳,1号线/罗宝线,宝安中心
深圳,1号线/罗宝线,宝体
深圳,1号线/罗宝线,坪洲
深圳,1号线/罗宝线,西乡
深圳,1号线/罗宝线,固戍
深圳,1号线/罗宝线,后瑞
深圳,1号线/罗宝线,机场东
深圳,2号线/蛇口线,赤湾
深圳,2号线/蛇口线,蛇口港
深圳,2号线/蛇口线,海上世界
深圳,2号线/蛇口线,水湾
深圳,2号线/蛇口线,东角头
深圳,2号线/蛇口线,湾厦
深圳,2号线/蛇口线,海月
深圳,2号线/蛇口线,登良
深圳,2号线/蛇口线,后海
深圳,2号线/蛇口线,科苑
深圳,2号线/蛇口线,红树湾南
深圳,2号线/蛇口线,世界之窗
深圳,2号线/蛇口线,侨城北
深圳,2号线/蛇口线,深康
深圳,2号线/蛇口线,安托山
深圳,2号线/蛇口线,侨香
深圳,2号线/蛇口线,香蜜
深圳,2号线/蛇口线,香梅北
深圳,2号线/蛇口线,景田
深圳,2号线/蛇口线,莲花西
深圳,2号线/蛇口线,福田
深圳,2号线/蛇口线,市民中心
深圳,2号线/蛇口线,岗厦北
深圳,2号线/蛇口线,华强北
深圳,2号线/蛇口线,燕南
深圳,2号线/蛇口线,大剧院
深圳,2号线/蛇口线,湖贝
深圳,2号线/蛇口线,黄贝岭
深圳,2号线/蛇口线,新秀
深圳,3号线/龙岗线,益田
深圳,3号线/龙岗线,石厦
深圳,3号线/龙岗线,购物公园
深圳,3号线/龙岗线,福田
深圳,3号线/龙岗线,少年宫
深圳,3号线/龙岗线,莲花村
深圳,3号线/龙岗线,华新
深圳,3号线/龙岗线,通新岭
深圳,3号线/龙岗线,红岭
深圳,3号线/龙岗线,老街
深圳,3号线/龙岗线,晒布
深圳,3号线/龙岗线,翠竹
深圳,3号线/龙岗线,田贝
深圳,3号线/龙岗线,水贝
深圳,3号线/龙岗线,草埔
深圳,3号线/龙岗线,布吉
深圳,3号线/龙岗线,木棉湾
深圳,3号线/龙岗线,大芬
深圳,3号线/龙岗线,丹竹头
深圳,3号线/龙岗线,六约
深圳,3号线/龙岗线,塘坑
深圳,3号线/龙岗线,横岗
深圳,3号线/龙岗线,永湖
深圳,3号线/龙岗线,荷坳
深圳,3号线/龙岗线,大运
深圳,3号线/龙岗线,爱联
深圳,3号线/龙岗线,吉祥
深圳,3号线/龙岗线,龙城广场
深圳,3号线/龙岗线,南联
深圳,3号线/龙岗线,双龙
深圳,4号线/龙华线,福田口岸
深圳,4号线/龙华线,福民
深圳,4号线/龙华线,会展中心
深圳,4号线/龙华线,市民中心
深圳,4号线/龙华线,少年宫
深圳,4号线/龙华线,莲花北
深圳,4号线/龙华线,上梅林
深圳,4号线/龙华线,民乐
深圳,4号线/龙华线,白石龙
深圳,4号线/龙华线,深圳北站
深圳,4号线/龙华线,红山
深圳,4号线/龙华线,上塘
深圳,4号线/龙华线,龙胜
深圳,4号线/龙华线,龙华
深圳,4号线/龙华线,清湖
深圳,5号线/环中线,前海湾
深圳,5号线/环中线,临海
深圳,5号线/环中线,宝华
深圳,5号线/环中线,宝安中心
深圳,5号线/环中线,翻身
深圳,5号线/环中线,灵芝
深圳,5号线/环中线,洪浪北
深圳,5号线/环中线,兴东
深圳,5号线/环中线,留仙洞
深圳,5号线/环中线,西丽
深圳,5号线/环中线,大学城
深圳,5号线/环中线,塘朗
深圳,5号线/环中线,长岭陂
深圳,5号线/环中线,深圳北站
深圳,5号线/环中线,民治
深圳,5号线/环中线,五和
深圳,5号线/环中线,坂田
深圳,5号线/环中线,杨美
深圳,5号线/环中线,上水径
深圳,5号线/环中线,下水径
深圳,5号线/环中线,长龙
深圳,5号线/环中线,布吉
深圳,5号线/环中线,百鸽笼
深圳,5号线/环中线,布心
深圳,5号线/环中线,太安
深圳,5号线/环中线,怡景
深圳,5号线/环中线,黄贝岭
深圳,7号线,西丽湖
深圳,7号线,西丽
深圳,7号线,茶光
深圳,7号线,珠光
深圳,7号线,龙井
深圳,7号线,桃源村
深圳,7号线,深云
深圳,7号线,安托山
深圳,7号线,农林
深圳,7号线,车公庙
深圳,7号线,上沙
深圳,7号线,沙尾
深圳,7号线,石厦
深圳,7号线,皇岗村
深圳,7号线,福民
深圳,7号线,皇岗口岸
深圳,7号线,赤尾
深圳,7号线,华强南
深圳,7号线,华强北
深圳,7号线,华新
深圳,7号线,黄木岗
深圳,7号线,八卦岭
深圳,7号线,红岭北
深圳,7号线,笋岗
深圳,7号线,洪湖
深圳,7号线,田贝
深圳,7号线,太安
深圳,9号线,红树湾南
深圳,9号线,深湾
深圳,9号线,深圳湾公园
深圳,9号线,下沙
深圳,9号线,车公庙
深圳,9号线,香梅
深圳,9号线,景田
深圳,9号线,梅景
深圳,9号线,下梅林
深圳,9号线,梅村
深圳,9号线,上梅林
深圳,9号线,I岭
深圳,9号线,银湖
深圳,9号线,泥岗
深圳,9号线,红岭北
深圳,9号线,园岭
深圳,9号线,红岭
深圳,9号线,大剧院
深圳,9号线,鹿丹村
深圳,9号线,人民南
深圳,9号线,向西村
深圳,9号线,文锦
深圳,11号线/机场线,碧头
深圳,11号线/机场线,松岗
深圳,11号线/机场线,后亭
深圳,11号线/机场线,沙井
深圳,11号线/机场线,马安山
深圳,11号线/机场线,塘尾
深圳,11号线/机场线,桥头
深圳,11号线/机场线,福永
深圳,11号线/机场线,机场北
深圳,11号线/机场线,机场
深圳,11号线/机场线,碧海湾
深圳,11号线/机场线,宝安
深圳,11号线/机场线,前海湾
深圳,11号线/机场线,南山
深圳,11号线/机场线,后海
深圳,11号线/机场线,红树湾南
深圳,11号线/机场线,车公庙
深圳,11号线/机场线,福田
武汉,1号线,汉口北
武汉,1号线,滠口新城
武汉,1号线,滕子岗
武汉,1号线,堤角
武汉,1号线,新荣
武汉,1号线,丹水池
武汉,1号线,徐州新村
武汉,1号线,二七路
武汉,1号线,头道街
武汉,1号线,黄浦路
武汉,1号线,三阳路
武汉,1号线,大智路
武汉,1号线,循礼门
武汉,1号线,友谊路
武汉,1号线,利济北路
武汉,1号线,崇仁路
武汉,1号线,~口路
武汉,1号线,太平洋
武汉,1号线,宗关
武汉,1号线,汉西一路
武汉,1号线,古田四路
武汉,1号线,古田三路
武汉,1号线,古田二路
武汉,1号线,古田一路
武汉,1号线,舵落口
武汉,1号线,竹叶海
武汉,1号线,额头湾
武汉,1号线,五环大道
武汉,1号线,东吴大道
武汉,1号线,码头潭公园
武汉,1号线,三店
武汉,1号线,径河
武汉,2号线,佛祖岭
武汉,2号线,藏龙东街
武汉,2号线,秀湖
武汉,2号线,金融港北
武汉,2号线,黄龙山路
武汉,2号线,光谷火车站
武汉,2号线,佳园路
武汉,2号线,光谷大道
武汉,2号线,华中科技大学
武汉,2号线,珞雄路
武汉,2号线,光谷广场
武汉,2号线,杨家湾
武汉,2号线,虎泉
武汉,2号线,广埠屯
武汉,2号线,街道口
武汉,2号线,宝通寺
武汉,2号线,中南路
武汉,2号线,洪山广场
武汉,2号线,小龟山
武汉,2号线,螃蟹岬
武汉,2号线,积玉桥
武汉,2号线,江汉路
武汉,2号线,循礼门
武汉,2号线,中山公园
武汉,2号线,青年路
武汉,2号线,王家墩东
武汉,2号线,范湖
武汉,2号线,汉口火车站
武汉,2号线,长港路
武汉,2号线,常青花园
武汉,2号线,金银潭
武汉,2号线,常青城
武汉,2号线,宏图大道
武汉,2号线,盘龙城
武汉,2号线,巨龙大道
武汉,2号线,宋家岗
武汉,2号线,航空总部
武汉,2号线,天河机场
武汉,3号线,沌阳大道
武汉,3号线,东风公司
武汉,3号线,体育中心
武汉,3号线,三角湖
武汉,3号线,汉阳客运站
武汉,3号线,四新大道
武汉,3号线,陶家岭
武汉,3号线,龙阳村
武汉,3号线,王家湾
武汉,3号线,宗关
武汉,3号线,双墩
武汉,3号线,武汉商务区
武汉,3号线,云飞路
武汉,3号线,范湖
武汉,3号线,菱角湖
武汉,3号线,香港路
武汉,3号线,惠济二路
武汉,3号线,赵家条
武汉,3号线,罗家庄
武汉,3号线,二七小路
武汉,3号线,兴业路
武汉,3号线,后湖大道
武汉,3号线,市民之家
武汉,3号线,宏图大道
武汉,4号线,黄金口
武汉,4号线,孟家铺
武汉,4号线,永安堂
武汉,4号线,玉龙路
武汉,4号线,王家湾
武汉,4号线,十里铺
武汉,4号线,七里庙
武汉,4号线,五里墩
武汉,4号线,汉阳火车站
武汉,4号线,钟家村
武汉,4号线,拦江路
武汉,4号线,复兴路
武汉,4号线,首义路
武汉,4号线,武昌火车站
武汉,4号线,梅苑小区
武汉,4号线,中南路
武汉,4号线,洪山广场
武汉,4号线,楚河汉街
武汉,4号线,青鱼嘴
武汉,4号线,东亭
武汉,4号线,岳家嘴
武汉,4号线,铁机路
武汉,4号线,罗家港
武汉,4号线,园林路
武汉,4号线,仁和路
武汉,4号线,工业四路
武汉,4号线,杨春湖
武汉,4号线,武汉火车站
武汉,6号线,金银湖公园
武汉,6号线,金银湖
武汉,6号线,园博园北
武汉,6号线,轻工大学
武汉,6号线,常青花园
武汉,6号线,杨汊湖
武汉,6号线,石桥
武汉,6号线,唐家墩
武汉,6号线,三眼桥
武汉,6号线,香港路
武汉,6号线,苗栗路
武汉,6号线,大智路
武汉,6号线,江汉路
武汉,6号线,六渡桥
武汉,6号线,汉正街
武汉,6号线,武胜路
武汉,6号线,琴台
武汉,6号线,钟家村
武汉,6号线,马鹦路
武汉,6号线,建港
武汉,6号线,前进村
武汉,6号线,国博中心北
武汉,6号线,国博中心南
武汉,6号线,老关村
武汉,6号线,江城大道
武汉,6号线,车城东路
武汉,6号线,东风公司
武汉,7号线,园博园北
武汉,7号线,园博园
武汉,7号线,常码头
武汉,7号线,武汉商务区
武汉,7号线,王家墩东
武汉,7号线,取水楼
武汉,7号线,香港路
武汉,7号线,三阳路
武汉,7号线,徐家棚
武汉,7号线,湖北大学
武汉,7号线,新河街
武汉,7号线,螃蟹岬
武汉,7号线,小东门
武汉,7号线,武昌火车站
武汉,7号线,瑞安街
武汉,7号线,建安街
武汉,7号线,湖工大
武汉,7号线,板桥
武汉,7号线,野芷湖
武汉,7号线,新路村
武汉,7号线,大花岭
武汉,7号线,江夏客厅
武汉,7号线,谭鑫培公园
武汉,7号线,北华街
武汉,7号线,纸坊大街
武汉,7号线,青龙山地铁小镇
武汉,8号线,金潭路
武汉,8号线,宏图大道
武汉,8号线,塔子湖
武汉,8号线,中一路
武汉,8号线,竹叶山
武汉,8号线,赵家条
武汉,8号线,黄浦路
武汉,8号线,徐家棚
武汉,8号线,徐东
武汉,8号线,汪家墩
武汉,8号线,岳家嘴
武汉,8号线,梨园
武汉,11号线,光谷火车站
武汉,11号线,湖口
武汉,11号线,光谷同济医院
武汉,11号线,光谷生物园
武汉,11号线,光谷四路
武汉,11号线,光谷五路
武汉,11号线,光谷六路
武汉,11号线,豹
武汉,11号线,光谷七路
武汉,11号线,长岭山
武汉,11号线,未来一路
武汉,11号线,未来三路
武汉,11号线,左岭
武汉,21号线(阳逻线),后湖大道
武汉,21号线(阳逻线),百步亭花园路
武汉,21号线(阳逻线),新荣客运站
武汉,21号线(阳逻线),幸福湾
武汉,21号线(阳逻线),朱家河
武汉,21号线(阳逻线),谌家矶
武汉,21号线(阳逻线),青龙
武汉,21号线(阳逻线),高车
武汉,21号线(阳逻线),武湖
武汉,21号线(阳逻线),沙口
武汉,21号线(阳逻线),军民村
武汉,21号线(阳逻线),武生院
武汉,21号线(阳逻线),阳逻
武汉,21号线(阳逻线),阳逻开发区
武汉,21号线(阳逻线),施岗
武汉,21号线(阳逻线),金台
天津,1号线,刘园
天津,1号线,瑞景新苑
天津,1号线,佳园里
天津,1号线,本溪路
天津,1号线,勤俭道
天津,1号线,洪湖里
天津,1号线,西站
天津,1号线,西北角
天津,1号线,西南角
天津,1号线,二纬路
天津,1号线,海光寺
天津,1号线,鞍山道
天津,1号线,营口道
天津,1号线,小白楼
天津,1号线,下瓦房
天津,1号线,南楼
天津,1号线,土城
天津,1号线,陈塘庄
天津,1号线,复兴门
天津,1号线,华山里
天津,1号线,财经大学
天津,1号线,双林
天津,1号线,李楼
天津,2号线,滨海国际机场
天津,2号线,空港经济区
天津,2号线,国山路
天津,2号线,登州路
天津,2号线,屿东城
天津,2号线,翠阜新村
天津,2号线,靖江路
天津,2号线,顺驰桥
天津,2号线,远洋国际中心
天津,2号线,天津站
天津,2号线,建国道
天津,2号线,东南角
天津,2号线,鼓楼
天津,2号线,西南角
天津,2号线,广开四马路
天津,2号线,长虹公园
天津,2号线,咸阳路
天津,2号线,芥园西道
天津,2号线,卞兴
天津,2号线,曹庄
天津,3号线,小淀
天津,3号线,丰产河
天津,3号线,华北集团
天津,3号线,天士力
天津,3号线,宜兴埠
天津,3号线,张兴庄
天津,3号线,铁东路
天津,3号线,北站
天津,3号线,中山路
天津,3号线,金狮桥
天津,3号线,天津站
天津,3号线,津湾广场
天津,3号线,和平路
天津,3号线,营口道
天津,3号线,西康路
天津,3号线,吴家窑
天津,3号线,天塔
天津,3号线,周邓纪念馆
天津,3号线,红旗南路
天津,3号线,王顶堤
天津,3号线,华苑
天津,3号线,大学城
天津,3号线,高新区
天津,3号线,学府工业区
天津,3号线,杨伍庄
天津,3号线,南站
天津,5号线,中医一附院
天津,5号线,昌凌路
天津,5号线,凌宾路
天津,5号线,体育中心
天津,5号线,肿瘤医院
天津,5号线,天津宾馆
天津,5号线,文化中心
天津,5号线,西南楼
天津,5号线,下瓦房
天津,5号线,直沽
天津,5号线,津塘路
天津,5号线,成林道
天津,5号线,靖江路
天津,5号线,幸福公园
天津,5号线,月牙河
天津,5号线,金钟河大街
天津,5号线,建昌道
天津,5号线,思源路
天津,5号线,志成路
天津,5号线,张兴庄
天津,5号线,宜兴埠北
天津,5号线,辽河北道
天津,5号线,淮河道
天津,5号线,职业大学
天津,5号线,北辰道
天津,5号线,丹河北道
天津,5号线,北辰科技园北
天津,6号线,南孙庄
天津,6号线,南何庄
天津,6号线,大毕庄
天津,6号线,金钟街
天津,6号线,徐庄子
天津,6号线,金钟河大街
天津,6号线,民权门
天津,6号线,北宁公园
天津,6号线,北站
天津,6号线,新开河
天津,6号线,外院附中
天津,6号线,天泰路
天津,6号线,北竹林
天津,6号线,西站
天津,6号线,复兴路
天津,6号线,人民医院
天津,6号线,长虹公园
天津,6号线,宜宾道
天津,6号线,鞍山西道
天津,6号线,天拖
天津,6号线,一中心医院
天津,6号线,红旗南路
天津,6号线,迎风道
天津,6号线,南翠屏
天津,6号线,水上公园东路
天津,6号线,肿瘤医院
天津,6号线,天津宾馆
天津,6号线,文化中心
天津,6号线,乐园道
天津,6号线,尖山路
天津,6号线,黑牛城道
天津,6号线,梅江道
天津,6号线,左江道
天津,6号线,梅江公园
天津,6号线,梅江会展中心
天津,6号线,解放南路
天津,6号线,洞庭路
天津,6号线,梅林路
天津,9号线,东海路
天津,9号线,会展中心
天津,9号线,太湖路
天津,9号线,市民广场
天津,9号线,泰达
天津,9号线,塘沽
天津,9号线,胡家园
天津,9号线,钢管公司
天津,9号线,军粮城
天津,9号线,小东庄
天津,9号线,东丽开发区
天津,9号线,新立
天津,9号线,张贵庄
天津,9号线,二号桥
天津,9号线,一号桥
天津,9号线,中山门
天津,9号线,东兴路
天津,9号线,直沽
天津,9号线,十一经路
天津,9号线,大王庄
天津,9号线,天津站
南京,S1号线(机场线),空港新城江宁
南京,S1号线(机场线),禄口机场
南京,S1号线(机场线),翔宇路南
南京,S1号线(机场线),翔宇路北
南京,S1号线(机场线),正方中路
南京,S1号线(机场线),吉印大道
南京,S1号线(机场线),河海大学・佛城西路
南京,S1号线(机场线),翠屏山
南京,S1号线(机场线),南京南站
南京,1号线,中国药科大学
南京,1号线,南京交院
南京,1号线,南医大・江苏经贸学院
南京,1号线,龙眠大道
南京,1号线,天印大道
南京,1号线,竹山路
南京,1号线,小龙湾
南京,1号线,百家湖
南京,1号线,胜太路
南京,1号线,河定桥
南京,1号线,双龙大道
南京,1号线,南京南站
南京,1号线,花神庙
南京,1号线,软件大道
南京,1号线,天隆寺
南京,1号线,安德门
南京,1号线,中华门
南京,1号线,三山街
南京,1号线,张府园
南京,1号线,新街口
南京,1号线,珠江路
南京,1号线,鼓楼
南京,1号线,玄武门
南京,1号线,新模范马路
南京,1号线,南京站
南京,1号线,红山动物园
南京,1号线,迈皋桥
南京,2号线,油坊桥
南京,2号线,雨润大街
南京,2号线,元通
南京,2号线,奥体东
南京,2号线,兴隆大街
南京,2号线,集庆门大街
南京,2号线,云锦路
南京,2号线,莫愁湖
南京,2号线,汉中门
南京,2号线,上海路
南京,2号线,新街口
南京,2号线,大行宫
南京,2号线,西安门
南京,2号线,明故宫
南京,2号线,苜蓿园
南京,2号线,下马坊
南京,2号线,孝陵卫
南京,2号线,钟灵街
南京,2号线,马群
南京,2号线,金马路
南京,2号线,仙鹤门
南京,2号线,学则路
南京,2号线,仙林中心
南京,2号线,羊山公园
南京,2号线,南大仙林校区
南京,2号线,经天路
南京,S3号线(宁和线),高家冲
南京,S3号线(宁和线),林山
南京,S3号线(宁和线),桥林新城
南京,S3号线(宁和线),石碛河
南京,S3号线(宁和线),双垅
南京,S3号线(宁和线),兰花塘
南京,S3号线(宁和线),马骡圩
南京,S3号线(宁和线),刘村
南京,S3号线(宁和线),天保
南京,S3号线(宁和线),高庙路
南京,S3号线(宁和线),吴侯街
南京,S3号线(宁和线),平良大街
南京,S3号线(宁和线),永初路
南京,S3号线(宁和线),油坊桥
南京,S3号线(宁和线),贾西
南京,S3号线(宁和线),春江路
南京,S3号线(宁和线),铁心桥
南京,S3号线(宁和线),景明佳园
南京,S3号线(宁和线),南京南站
南京,3号线,秣周东路
南京,3号线,东大九龙湖校区
南京,3号线,诚信大道
南京,3号线,九龙湖
南京,3号线,天元西路
南京,3号线,胜太西路
南京,3号线,宏运大道
南京,3号线,南京南站
南京,3号线,明发广场
南京,3号线,大明路
南京,3号线,卡子门
南京,3号线,雨花门
南京,3号线,武定门
南京,3号线,夫子庙
南京,3号线,常府街
南京,3号线,大行宫
南京,3号线,浮桥
南京,3号线,鸡鸣寺
南京,3号线,南京林业大学・新庄
南京,3号线,南京站
南京,3号线,小市
南京,3号线,五塘广场
南京,3号线,上元门
南京,3号线,柳洲东路
南京,3号线,天润城
南京,3号线,泰冯路
南京,3号线,东大成贤学院
南京,3号线,星火路
南京,3号线,林场
南京,4号线,龙江
南京,4号线,草场门・南艺・二师
南京,4号线,云南路
南京,4号线,鼓楼
南京,4号线,鸡鸣寺
南京,4号线,九华山
南京,4号线,岗子村
南京,4号线,蒋王庙
南京,4号线,王家湾
南京,4号线,聚宝山
南京,4号线,徐庄・苏宁总部
南京,4号线,金马路
南京,4号线,汇通路
南京,4号线,灵山
南京,4号线,东流
南京,4号线,孟北
南京,4号线,西岗桦墅
南京,4号线,仙林湖
南京,S7号线(宁溧线),空港新城江宁
南京,S7号线(宁溧线),柘塘
南京,S7号线(宁溧线),空港新城溧水
南京,S7号线(宁溧线),群力
南京,S7号线(宁溧线),卧龙湖
南京,S7号线(宁溧线),溧水
南京,S7号线(宁溧线),中山湖
南京,S7号线(宁溧线),幸庄
南京,S7号线(宁溧线),无想山
南京,S8号线(宁天线),泰山新村
南京,S8号线(宁天线),泰冯路
南京,S8号线(宁天线),高新开发区
南京,S8号线(宁天线),信息工程大学
南京,S8号线(宁天线),卸甲甸
南京,S8号线(宁天线),大厂
南京,S8号线(宁天线),葛塘
南京,S8号线(宁天线),长芦
南京,S8号线(宁天线),化工园
南京,S8号线(宁天线),六合开发区
南京,S8号线(宁天线),龙池
南京,S8号线(宁天线),雄州
南京,S8号线(宁天线),凤凰山公园
南京,S8号线(宁天线),方州广场
南京,S8号线(宁天线),沈桥
南京,S8号线(宁天线),八百桥
南京,S8号线(宁天线),金牛湖
南京,S9号线(宁高线),翔宇路南
南京,S9号线(宁高线),铜山
南京,S9号线(宁高线),石湫
南京,S9号线(宁高线),明觉
南京,S9号线(宁高线),团结圩
南京,S9号线(宁高线),高淳
南京,10号线,安德门
南京,10号线,小行
南京,10号线,中胜
南京,10号线,元通
南京,10号线,奥体中心
南京,10号线,梦都大街
南京,10号线,绿博园
南京,10号线,江心洲
南京,10号线,临江
南京,10号线,浦口万汇城
南京,10号线,南京工业大学
南京,10号线,龙华路
南京,10号线,文德路
南京,10号线,雨山路
香港,迪士尼Q,迪士尼
香港,迪士尼Q,欣澳
香港,港uQ,阅岬爻
香港,港uQ,香港大W
香港,港uQ,西IP
香港,港uQ,上h
香港,港uQ,中h
香港,港uQ,金
香港,港uQ,匙
香港,港uQ,~
香港,港uQ,天后
香港,港uQ,炮台山
香港,港uQ,北角
香港,港uQ,f~涌
香港,港uQ,太古
香港,港uQ,西澈
香港,港uQ,筲箕
香港,港uQ,杏花
香港,港uQ,柴
香港,南港uQ,金
香港,南港uQ,海洋公@
香港,南港uQ,S竹坑
香港,南港uQ,利|
香港,南港uQ,海怡半u
香港,西FQ,t|
香港,西FQ,尖|
香港,西FQ,柯士甸
香港,西FQ,南昌
香港,西FQ,美孚
香港,西FQ,荃澄
香港,西FQ,\上路
香港,西FQ,元朗
香港,西FQ,朗屏
香港,西FQ,天水
香港,西FQ,兆康
香港,西FQ,屯T
香港,荃尘Q,荃
香港,荃尘Q,大C口
香港,荃尘Q,葵d
香港,荃尘Q,葵芳
香港,荃尘Q,荔景
香港,荃尘Q,美孚
香港,荃尘Q,荔枝角
香港,荃尘Q,L沙
香港,荃尘Q,深水
香港,荃尘Q,太子
香港,荃尘Q,旺角
香港,荃尘Q,油麻地
香港,荃尘Q,佐敦
香港,荃尘Q,尖沙咀
香港,荃尘Q,金
香港,荃尘Q,中h
香港,④澳Q(北角-康城),康城
香港,④澳Q(北角-康城),④澳
香港,④澳Q(北角-康城),{景X
香港,④澳Q(北角-康城),油塘
香港,④澳Q(北角-康城),f~涌
香港,④澳Q(北角-康城),北角
香港,④澳Q(琳-北角),北角
香港,④澳Q(琳-北角),f~涌
香港,④澳Q(琳-北角),油塘
香港,④澳Q(琳-北角),{景X
香港,④澳Q(琳-北角),④澳
香港,④澳Q(琳-北角),坑口
香港,④澳Q(琳-北角),琳
香港,|涌Q,|涌
香港,|涌Q,欣澳
香港,|涌Q,青衣
香港,|涌Q,荔景
香港,|涌Q,南昌
香港,|涌Q,W\
香港,|涌Q,九
香港,|涌Q,香港
香港,|FQ(落R洲-t|),t|
香港,|FQ(落R洲-t|),旺角|
香港,|FQ(落R洲-t|),九塘
香港,|FQ(落R洲-t|),大
香港,|FQ(落R洲-t|),沙田
香港,|FQ(落R洲-t|),火炭
香港,|FQ(落R洲-t|),大W
香港,|FQ(落R洲-t|),大埔墟
香港,|FQ(落R洲-t|),太和
香港,|FQ(落R洲-t|),粉X
香港,|FQ(落R洲-t|),上水
香港,|FQ(落R洲-t|),落R洲
香港,|FQ(_湖-t|),t|
香港,|FQ(_湖-t|),旺角|
香港,|FQ(_湖-t|),九塘
香港,|FQ(_湖-t|),大
香港,|FQ(_湖-t|),沙田
香港,|FQ(_湖-t|),火炭
香港,|FQ(_湖-t|),大W
香港,|FQ(_湖-t|),大埔墟
香港,|FQ(_湖-t|),太和
香港,|FQ(_湖-t|),粉X
香港,|FQ(_湖-t|),上水
香港,|FQ(_湖-t|),_湖
香港,C隹炀Q,香港
香港,C隹炀Q,九
香港,C隹炀Q,青衣
香港,C隹炀Q,C
香港,C隹炀Q,博[^
香港,^塘Q,S埔
香港,^塘Q,何文田
香港,^塘Q,油麻地
香港,^塘Q,旺角
香港,^塘Q,太子
香港,^塘Q,石尾
香港,^塘Q,九塘
香港,^塘Q,犯
香港,^塘Q,S大仙
香港,^塘Q,石山
香港,^塘Q,彩虹
香港,^塘Q,九
香港,^塘Q,牛^角
香港,^塘Q,^塘
香港,^塘Q,{田
香港,^塘Q,油塘
香港,^塘Q,{景X
香港,R鞍山Q,大
香港,R鞍山Q,公R
香港,R鞍山Q,沙田
香港,R鞍山Q,第一城
香港,R鞍山Q,石T
香港,R鞍山Q,大水坑
香港,R鞍山Q,a安
香港,R鞍山Q,R鞍山
香港,R鞍山Q,跸沙
重庆,1号线,小什字
重庆,1号线,较场口
重庆,1号线,七星岗
重庆,1号线,两路口
重庆,1号线,鹅岭
重庆,1号线,大坪
重庆,1号线,石油路
重庆,1号线,歇台子
重庆,1号线,石桥铺
重庆,1号线,高庙村
重庆,1号线,马家岩
重庆,1号线,小龙坎
重庆,1号线,沙坪坝
重庆,1号线,杨公桥
重庆,1号线,烈士墓
重庆,1号线,磁器口
重庆,1号线,石井坡
重庆,1号线,双碑
重庆,1号线,赖家桥
重庆,1号线,微电园
重庆,1号线,陈家桥
重庆,1号线,大学城
重庆,1号线,尖顶坡
重庆,2号线,较场口
重庆,2号线,临江门
重庆,2号线,黄花园
重庆,2号线,大溪沟
重庆,2号线,曾家岩
重庆,2号线,牛角沱
重庆,2号线,李子坝
重庆,2号线,佛图关
重庆,2号线,大坪
重庆,2号线,袁家岗
重庆,2号线,谢家湾
重庆,2号线,杨家坪
重庆,2号线,动物园
重庆,2号线,大堰村
重庆,2号线,马王场
重庆,2号线,平安
重庆,2号线,大渡口
重庆,2号线,新山村
重庆,2号线,天堂堡
重庆,2号线,建桥
重庆,2号线,金家湾
重庆,2号线,刘家坝
重庆,2号线,白居寺
重庆,2号线,大江
重庆,2号线,鱼洞
重庆,3号线,鱼洞
重庆,3号线,金竹
重庆,3号线,鱼胡路
重庆,3号线,学堂湾
重庆,3号线,大山村
重庆,3号线,花溪
重庆,3号线,岔路口
重庆,3号线,九公里
重庆,3号线,麒龙
重庆,3号线,八公里
重庆,3号线,二塘
重庆,3号线,六公里
重庆,3号线,五公里
重庆,3号线,四公里
重庆,3号线,南坪
重庆,3号线,工贸
重庆,3号线,铜元局
重庆,3号线,两路口
重庆,3号线,牛角沱
重庆,3号线,华新街
重庆,3号线,观音桥
重庆,3号线,红旗河沟
重庆,3号线,嘉州路
重庆,3号线,郑家院子
重庆,3号线,唐家院子
重庆,3号线,狮子坪
重庆,3号线,重庆北站南广场
重庆,3号线,龙头寺
重庆,3号线,童家院子
重庆,3号线,金渝
重庆,3号线,金童路
重庆,3号线,鸳鸯
重庆,3号线,园博园
重庆,3号线,翠云
重庆,3号线,长福路
重庆,3号线,回兴
重庆,3号线,双龙
重庆,3号线,碧津
重庆,3号线,江北机场T2航站楼
重庆,3号线北延伸段,碧津
重庆,3号线北延伸段,双凤桥
重庆,3号线北延伸段,空港广场
重庆,3号线北延伸段,高堡湖
重庆,3号线北延伸段,观月路
重庆,3号线北延伸段,莲花
重庆,3号线北延伸段,举人坝
重庆,4号线,唐家沱
重庆,4号线,太平冲
重庆,4号线,黑石子
重庆,4号线,寸滩
重庆,4号线,保税港
重庆,4号线,头塘
重庆,4号线,重庆北站北广场
重庆,4号线,民安大道
重庆,5号线,大石坝
重庆,5号线,大龙山
重庆,5号线,冉家坝
重庆,5号线,幸福广场
重庆,5号线,人和
重庆,5号线,和睦路
重庆,5号线,重光
重庆,5号线,湖霞街
重庆,5号线,丹鹤
重庆,5号线,园博中心
重庆,6号线,茶园
重庆,6号线,邱家湾
重庆,6号线,长生桥
重庆,6号线,刘家坪
重庆,6号线,上新街
重庆,6号线,小什字
重庆,6号线,大剧院
重庆,6号线,江北城
重庆,6号线,五里店
重庆,6号线,红土地
重庆,6号线,黄泥Y
重庆,6号线,红旗河沟
重庆,6号线,花卉园
重庆,6号线,大龙山
重庆,6号线,冉家坝
重庆,6号线,光电园
重庆,6号线,大竹林
重庆,6号线,康庄
重庆,6号线,九曲河
重庆,6号线,礼嘉
重庆,6号线,金山寺
重庆,6号线,曹家湾
重庆,6号线,蔡家
重庆,6号线,向家岗
重庆,6号线,龙凤溪
重庆,6号线,状元碑
重庆,6号线,天生
重庆,6号线,北碚
重庆,6号线支线,悦来
重庆,6号线支线,国博中心
重庆,6号线支线,高义口
重庆,6号线支线,黄茅坪
重庆,6号线支线,欢乐谷
重庆,6号线支线,礼嘉
重庆,10号线,鲤鱼池
重庆,10号线,红土地
重庆,10号线,龙头寺公园
重庆,10号线,重庆北站南广场
重庆,10号线,重庆北站北广场
重庆,10号线,民心佳园
重庆,10号线,三亚湾
重庆,10号线,上湾路
重庆,10号线,环山公园
重庆,10号线,长河
重庆,10号线,江北机场T3航站楼
重庆,10号线,江北机场T2航站楼
重庆,10号线,渝北广场
重庆,10号线,鹿山
重庆,10号线,中央公园东
重庆,10号线,中央公园
重庆,10号线,中央公园西
重庆,10号线,悦来
重庆,10号线,王家庄
重庆,环线,重庆图书馆
重庆,环线,沙坪坝
重庆,环线,沙正街
重庆,环线,玉带山
重庆,环线,体育公园
重庆,环线,冉家坝
重庆,环线,动步公园
重庆,环线,洪湖东路
重庆,环线,民安大道
重庆,环线,重庆北站南广场
重庆,环线,渝鲁
重庆,环线,五里店
重庆,环线,涂山
重庆,环线,上新街
重庆,环线,海棠溪
重庆,环线,四公里
重庆,环线,南湖
重庆,环线,海峡路
杭州,1号线(下沙江滨-湘湖),湘湖
杭州,1号线(下沙江滨-湘湖),滨康路
杭州,1号线(下沙江滨-湘湖),西兴
杭州,1号线(下沙江滨-湘湖),滨和路
杭州,1号线(下沙江滨-湘湖),江陵路
杭州,1号线(下沙江滨-湘湖),近江
杭州,1号线(下沙江滨-湘湖),婺江路
杭州,1号线(下沙江滨-湘湖),城站
杭州,1号线(下沙江滨-湘湖),定安路
杭州,1号线(下沙江滨-湘湖),龙翔桥
杭州,1号线(下沙江滨-湘湖),凤起路
杭州,1号线(下沙江滨-湘湖),武林广场
杭州,1号线(下沙江滨-湘湖),西湖文化广场
杭州,1号线(下沙江滨-湘湖),打铁关
杭州,1号线(下沙江滨-湘湖),闸弄口
杭州,1号线(下沙江滨-湘湖),火车东站
杭州,1号线(下沙江滨-湘湖),彭埠
杭州,1号线(下沙江滨-湘湖),七堡
杭州,1号线(下沙江滨-湘湖),九和路
杭州,1号线(下沙江滨-湘湖),九堡
杭州,1号线(下沙江滨-湘湖),客运中心
杭州,1号线(下沙江滨-湘湖),下沙西
杭州,1号线(下沙江滨-湘湖),金沙湖
杭州,1号线(下沙江滨-湘湖),高沙路
杭州,1号线(下沙江滨-湘湖),文泽路
杭州,1号线(下沙江滨-湘湖),文海南路
杭州,1号线(下沙江滨-湘湖),云水
杭州,1号线(下沙江滨-湘湖),下沙江滨
杭州,1号线(临平-湘湖),湘湖
杭州,1号线(临平-湘湖),滨康路
杭州,1号线(临平-湘湖),西兴
杭州,1号线(临平-湘湖),滨和路
杭州,1号线(临平-湘湖),江陵路
杭州,1号线(临平-湘湖),近江
杭州,1号线(临平-湘湖),婺江路
杭州,1号线(临平-湘湖),城站
杭州,1号线(临平-湘湖),定安路
杭州,1号线(临平-湘湖),龙翔桥
杭州,1号线(临平-湘湖),凤起路
杭州,1号线(临平-湘湖),武林广场
杭州,1号线(临平-湘湖),西湖文化广场
杭州,1号线(临平-湘湖),打铁关
杭州,1号线(临平-湘湖),闸弄口
杭州,1号线(临平-湘湖),火车东站
杭州,1号线(临平-湘湖),彭埠
杭州,1号线(临平-湘湖),七堡
杭州,1号线(临平-湘湖),九和路
杭州,1号线(临平-湘湖),九堡
杭州,1号线(临平-湘湖),客运中心
杭州,1号线(临平-湘湖),乔司南
杭州,1号线(临平-湘湖),乔司
杭州,1号线(临平-湘湖),翁梅
杭州,1号线(临平-湘湖),余杭高铁站
杭州,1号线(临平-湘湖),南苑
杭州,1号线(临平-湘湖),临平
杭州,2号线,朝阳
杭州,2号线,曹家桥
杭州,2号线,潘水
杭州,2号线,人民路
杭州,2号线,杭发厂
杭州,2号线,人民广场
杭州,2号线,建设一路
杭州,2号线,建设三路
杭州,2号线,振宁路
杭州,2号线,飞虹路
杭州,2号线,盈丰路
杭州,2号线,钱江世纪城
杭州,2号线,钱江路
杭州,2号线,庆春广场
杭州,2号线,庆菱路
杭州,2号线,建国北路
杭州,2号线,中河北路
杭州,2号线,凤起路
杭州,2号线,武林门
杭州,2号线,沈塘桥
杭州,2号线,学院路
杭州,2号线,古翠路
杭州,2号线,丰潭路
杭州,2号线,文新
杭州,2号线,三坝
杭州,2号线,虾龙圩
杭州,2号线,三墩
杭州,2号线,墩祥街
杭州,2号线,金家渡
杭州,2号线,白洋
杭州,2号线,杜甫村
杭州,2号线,良渚
杭州,4号线,浦沿
杭州,4号线,杨家墩
杭州,4号线,中医药大学
杭州,4号线,联庄
杭州,4号线,水澄桥
杭州,4号线,复兴路
杭州,4号线,南星桥
杭州,4号线,甬江路
杭州,4号线,近江
杭州,4号线,城星路
杭州,4号线,市民中心
杭州,4号线,江锦路
杭州,4号线,钱江路
杭州,4号线,景芳
杭州,4号线,新塘
杭州,4号线,新风
杭州,4号线,火车东站
杭州,4号线,彭埠
沈阳,1号线,黎明广场
沈阳,1号线,滂江街
沈阳,1号线,东中街
沈阳,1号线,中街
沈阳,1号线,怀远门
沈阳,1号线,青年大街
沈阳,1号线,南市场
沈阳,1号线,太原街
沈阳,1号线,沈阳站
沈阳,1号线,云峰北街
沈阳,1号线,铁西广场
沈阳,1号线,保工街
沈阳,1号线,启工街
沈阳,1号线,重工街
沈阳,1号线,迎宾路
沈阳,1号线,于洪广场
沈阳,1号线,开发大道
沈阳,1号线,张士
沈阳,1号线,四号街
沈阳,1号线,七号街
沈阳,1号线,中央大街
沈阳,1号线,十三号街
沈阳,2号线,蒲田路
沈阳,2号线,蒲河路
沈阳,2号线,人杰湖公园
沈阳,2号线,辽宁大学
沈阳,2号线,航空航天大学
沈阳,2号线,师范大学
沈阳,2号线,医学院
沈阳,2号线,三台子
沈阳,2号线,陵西
沈阳,2号线,新乐遗址
沈阳,2号线,北陵公园
沈阳,2号线,中医药大学
沈阳,2号线,岐山路
沈阳,2号线,沈阳北站
沈阳,2号线,金融中心
沈阳,2号线,市府广场
沈阳,2号线,青年大街
沈阳,2号线,青年公园
沈阳,2号线,工业展览馆
沈阳,2号线,市图书馆
沈阳,2号线,五里河
沈阳,2号线,奥体中心
沈阳,2号线,营盘街
沈阳,2号线,世纪大厦
沈阳,2号线,白塔河路
沈阳,2号线,全运路
大连,1号线,姚家
大连,1号线,大连北站
大连,1号线,华北路
大连,1号线,华南北
大连,1号线,华南广场
大连,1号线,千山路
大连,1号线,松江路
大连,1号线,东纬路
大连,1号线,春柳
大连,1号线,香工街
大连,1号线,中长街
大连,1号线,兴工街
大连,1号线,西安路
大连,1号线,富国街
大连,1号线,会展中心
大连,1号线,星海广场
大连,1号线,大医二院
大连,1号线,黑石礁
大连,1号线,学苑广场
大连,1号线,海事大学
大连,1号线,七贤岭
大连,1号线,河口
大连,2号线,辛寨子
大连,2号线,机场
大连,2号线,虹港路
大连,2号线,虹锦路
大连,2号线,红旗西路
大连,2号线,湾家
大连,2号线,马栏广场
大连,2号线,辽师大
大连,2号线,交通大学
大连,2号线,西安路
大连,2号线,联合路
大连,2号线,人民广场
大连,2号线,一二九街
大连,2号线,青泥洼桥
大连,2号线,友好广场
大连,2号线,中山广场
大连,2号线,港湾广场
大连,2号线,会议中心
大连,2号线,东港
大连,2号线,东海
大连,2号线,海之韵
大连,3号线,大连火车站
大连,3号线,香炉礁
大连,3号线,金家街
大连,3号线,泉水
大连,3号线,后盐
大连,3号线,大连湾
大连,3号线,金马路
大连,3号线,开发区
大连,3号线,保税区
大连,3号线,双D港
大连,3号线,小窑湾
大连,3号线,金石滩
大连,12号线,河口
大连,12号线,蔡大岭
大连,12号线,黄泥川
大连,12号线,龙王塘
大连,12号线,塔河湾
大连,12号线,旅顺
大连,12号线,铁山
大连,12号线,旅顺新港
大连,保税区线,大连火车站
大连,保税区线,香炉礁
大连,保税区线,金家街
大连,保税区线,泉水
大连,保税区线,后盐
大连,保税区线,大连湾
大连,保税区线,金马路
大连,保税区线,开发区
大连,保税区线,保税区
大连,九里线,九里
大连,九里线,十九局
大连,九里线,和平路
大连,九里线,东山路
大连,九里线,鸿玮澜山
大连,九里线,通世泰
大连,九里线,开发区
大连,九里线,金马路
大连,九里线,大连湾
大连,九里线,后盐
大连,九里线,泉水
大连,九里线,金家街
大连,九里线,香炉礁
大连,九里线,大连火车站
大连,九里支线,九里
大连,九里支线,十九局
大连,九里支线,和平路
大连,九里支线,东山路
大连,九里支线,鸿玮澜山
大连,九里支线,通世泰
大连,九里支线,开发区
成都,1号线(五根松-韦家碾),五根松
成都,1号线(五根松-韦家碾),广都
成都,1号线(五根松-韦家碾),四河
成都,1号线(五根松-韦家碾),华府大道
成都,1号线(五根松-韦家碾),天府五街
成都,1号线(五根松-韦家碾),天府三街
成都,1号线(五根松-韦家碾),世纪城
成都,1号线(五根松-韦家碾),锦城广场
成都,1号线(五根松-韦家碾),孵化园
成都,1号线(五根松-韦家碾),金融城
成都,1号线(五根松-韦家碾),高新
成都,1号线(五根松-韦家碾),火车南站
成都,1号线(五根松-韦家碾),桐梓林
成都,1号线(五根松-韦家碾),倪家桥
成都,1号线(五根松-韦家碾),省体育馆
成都,1号线(五根松-韦家碾),华西坝
成都,1号线(五根松-韦家碾),锦江宾馆
成都,1号线(五根松-韦家碾),天府广场
成都,1号线(五根松-韦家碾),骡马市
成都,1号线(五根松-韦家碾),文殊院
成都,1号线(五根松-韦家碾),人民北路
成都,1号线(五根松-韦家碾),火车北站
成都,1号线(五根松-韦家碾),升仙湖
成都,1号线(五根松-韦家碾),韦家碾
成都,1号线(科学城-韦家碾),科学城
成都,1号线(科学城-韦家碾),兴隆湖
成都,1号线(科学城-韦家碾),广州路
成都,1号线(科学城-韦家碾),西博城
成都,1号线(科学城-韦家碾),天府公园
成都,1号线(科学城-韦家碾),武汉路
成都,1号线(科学城-韦家碾),麓湖
成都,1号线(科学城-韦家碾),红石公园
成都,1号线(科学城-韦家碾),广福
成都,1号线(科学城-韦家碾),海昌路
成都,1号线(科学城-韦家碾),华阳
成都,1号线(科学城-韦家碾),四河
成都,1号线(科学城-韦家碾),华府大道
成都,1号线(科学城-韦家碾),天府五街
成都,1号线(科学城-韦家碾),天府三街
成都,1号线(科学城-韦家碾),世纪城
成都,1号线(科学城-韦家碾),锦城广场
成都,1号线(科学城-韦家碾),孵化园
成都,1号线(科学城-韦家碾),金融城
成都,1号线(科学城-韦家碾),高新
成都,1号线(科学城-韦家碾),火车南站
成都,1号线(科学城-韦家碾),桐梓林
成都,1号线(科学城-韦家碾),倪家桥
成都,1号线(科学城-韦家碾),省体育馆
成都,1号线(科学城-韦家碾),华西坝
成都,1号线(科学城-韦家碾),锦江宾馆
成都,1号线(科学城-韦家碾),天府广场
成都,1号线(科学城-韦家碾),骡马市
成都,1号线(科学城-韦家碾),文殊院
成都,1号线(科学城-韦家碾),人民北路
成都,1号线(科学城-韦家碾),火车北站
成都,1号线(科学城-韦家碾),升仙湖
成都,1号线(科学城-韦家碾),韦家碾
成都,2号线,犀浦
成都,2号线,天河路
成都,2号线,百草路
成都,2号线,金周路
成都,2号线,金科北路
成都,2号线,迎宾大道
成都,2号线,茶店子客运站
成都,2号线,羊犀立交
成都,2号线,一品天下
成都,2号线,蜀汉路东
成都,2号线,白果林
成都,2号线,中医大省医院
成都,2号线,通惠门
成都,2号线,人民公园
成都,2号线,天府广场
成都,2号线,春熙路
成都,2号线,东门大桥
成都,2号线,牛王庙
成都,2号线,牛市口
成都,2号线,东大路
成都,2号线,塔子山公园
成都,2号线,成都东客站
成都,2号线,成渝立交
成都,2号线,惠王陵
成都,2号线,洪河
成都,2号线,成都行政学院
成都,2号线,大面铺
成都,2号线,连山坡
成都,2号线,界牌
成都,2号线,书房
成都,2号线,龙平路
成都,2号线,龙泉驿
成都,3号线,成都医学院
成都,3号线,石油大学
成都,3号线,钟楼
成都,3号线,马超西路
成都,3号线,团结新区
成都,3号线,锦水河
成都,3号线,三河场
成都,3号线,金华寺东路
成都,3号线,植物园
成都,3号线,军区总医院
成都,3号线,熊猫大道
成都,3号线,动物园
成都,3号线,昭觉寺南路
成都,3号线,驷马桥
成都,3号线,李家沱
成都,3号线,前锋路
成都,3号线,红星桥
成都,3号线,市二医院
成都,3号线,春熙路
成都,3号线,新南门
成都,3号线,磨子桥
成都,3号线,省体育馆
成都,3号线,衣冠庙
成都,3号线,高升桥
成都,3号线,红牌楼
成都,3号线,太平园
成都,3号线,川藏立交
成都,3号线,武侯立交
成都,3号线,武青南路
成都,3号线,双凤桥
成都,3号线,龙桥路
成都,3号线,航都大街
成都,3号线,迎春桥
成都,3号线,东升
成都,3号线,双流广场
成都,3号线,三里坝
成都,3号线,双流西站
成都,4号线,西河
成都,4号线,明蜀王陵
成都,4号线,成都大学
成都,4号线,十陵
成都,4号线,来龙
成都,4号线,槐树店
成都,4号线,万年场
成都,4号线,双桥路
成都,4号线,玉双路
成都,4号线,市二医院
成都,4号线,太升南路
成都,4号线,骡马市
成都,4号线,宽窄巷子
成都,4号线,中医大省医院
成都,4号线,草堂北路
成都,4号线,西南财大
成都,4号线,文化宫
成都,4号线,清江西路
成都,4号线,成都西站
成都,4号线,中坝
成都,4号线,蔡桥
成都,4号线,非遗博览园
成都,4号线,马厂坝
成都,4号线,凤凰大街
成都,4号线,涌泉
成都,4号线,光华公园
成都,4号线,南熏大道
成都,4号线,凤溪河
成都,4号线,杨柳河
成都,4号线,万盛
成都,7号线,火车北站
成都,7号线,北站西二路
成都,7号线,九里堤
成都,7号线,西南交大
成都,7号线,花照壁
成都,7号线,茶店子
成都,7号线,一品天下
成都,7号线,金沙博物馆
成都,7号线,文化宫
成都,7号线,东坡路
成都,7号线,龙爪堰
成都,7号线,武侯大道
成都,7号线,太平园
成都,7号线,高朋大道
成都,7号线,神仙树
成都,7号线,火车南站
成都,7号线,三瓦窑
成都,7号线,琉璃场
成都,7号线,四川师大
成都,7号线,狮子山
成都,7号线,大观
成都,7号线,成都东客站
成都,7号线,迎晖路
成都,7号线,槐树店
成都,7号线,双店路
成都,7号线,崔家店
成都,7号线,理工大学
成都,7号线,二仙桥
成都,7号线,八里庄
成都,7号线,府青路
成都,7号线,驷马桥
成都,10号线,太平园
成都,10号线,簇锦
成都,10号线,华兴
成都,10号线,金花
成都,10号线,双流机场1航站楼
成都,10号线,双流机场2航站楼
长春,1号线,北环城路
长春,1号线,庆丰路
长春,1号线,一匡街
长春,1号线,长春站北
长春,1号线,长春站
长春,1号线,胜利公园
长春,1号线,人民广场
长春,1号线,解放大路
长春,1号线,东北师大(1号线)
长春,1号线,工农广场
长春,1号线,繁荣路
长春,1号线,卫星广场
长春,1号线,市政府
长春,1号线,华庆路
长春,1号线,红嘴子
长春,2号线,双丰
长春,2号线,长春西站
长春,2号线,兴隆堡
长春,2号线,西环城路
长春,2号线,和平大街
长春,2号线,万福街
长春,2号线,景阳广场
长春,2号线,解放桥
长春,2号线,建设广场
长春,2号线,文化广场
长春,2号线,解放大路
长春,2号线,平阳街
长春,2号线,南关
长春,2号线,吉林大路
长春,2号线,东盛大街
长春,2号线,东环城路
长春,2号线,长青
长春,2号线,东方广场
长春,3号线,长春站
长春,3号线,辽宁路
长春,3号线,芙蓉桥
长春,3号线,西安桥
长春,3号线,南昌路
长春,3号线,朝阳桥
长春,3号线,解放桥
长春,3号线,湖西桥
长春,3号线,宽平桥
长春,3号线,抚松路
长春,3号线,南湖大路
长春,3号线,湖光路
长春,3号线,硅谷大街
长春,3号线,前进
长春,3号线,前进大街
长春,3号线,卫明街
长春,3号线,卫光街
长春,3号线,卫星广场
长春,3号线,亚泰大街
长春,3号线,伊通河
长春,3号线,临河街
长春,3号线,仙台大街
长春,3号线,会展中心
长春,3号线,世纪广场
长春,3号线,中医药大学
长春,3号线,东北师大(3号线)
长春,3号线,华桥外院
长春,3号线,农博园
长春,3号线,净月公园
长春,3号线,紫杉路
长春,3号线,福祉路
长春,3号线,滑雪场
长春,3号线,长影世纪城
长春,4号线,车场
长春,4号线,南四环
长春,4号线,南三环
长春,4号线,世荣路
长春,4号线,卫星路
长春,4号线,北海路
长春,4号线,东南湖大路
长春,4号线,浦东路
长春,4号线,自由大路
长春,4号线,公平路
长春,4号线,吉林大路
长春,4号线,东大桥
长春,4号线,伪皇宫
长春,4号线,北亚泰大街
长春,4号线,长春站北
长春,8号线,北环城路
长春,8号线,一二三中学
长春,8号线,小南
长春,8号线,小城子街
长春,8号线,北湖大桥
长春,8号线,北湖公园
长春,8号线,和安街
长春,8号线,光机路
长春,8号线,大学城路
长春,8号线,地理所
长春,8号线,奥林匹克公园
长春,8号线,广通路
苏州,1号线,木渎
苏州,1号线,金枫路
苏州,1号线,汾湖路
苏州,1号线,玉山路
苏州,1号线,苏州乐园
苏州,1号线,塔园路
苏州,1号线,滨河路
苏州,1号线,西环路
苏州,1号线,桐泾北路
苏州,1号线,广济南路
苏州,1号线,养育巷
苏州,1号线,乐桥
苏州,1号线,临顿路
苏州,1号线,相门
苏州,1号线,东环路
苏州,1号线,中央公园
苏州,1号线,星海广场
苏州,1号线,东方之门
苏州,1号线,文化博览中心
苏州,1号线,时代广场
苏州,1号线,星湖街
苏州,1号线,南施街
苏州,1号线,星塘街
苏州,1号线,钟南街
苏州,2号线,骑河
苏州,2号线,富翔路
苏州,2号线,高铁苏州北站
苏州,2号线,大湾
苏州,2号线,富元路
苏州,2号线,蠡口
苏州,2号线,徐图港
苏州,2号线,阳澄湖中路
苏州,2号线,陆慕
苏州,2号线,平泷路东
苏州,2号线,平河路
苏州,2号线,苏州火车站
苏州,2号线,山塘街
苏州,2号线,石路
苏州,2号线,广济南路
苏州,2号线,三香广场
苏州,2号线,劳动路
苏州,2号线,胥江路
苏州,2号线,桐泾公园
苏州,2号线,友联
苏州,2号线,盘蠡路
苏州,2号线,新家桥
苏州,2号线,石湖东路
苏州,2号线,宝带桥南
苏州,2号线,尹中路
苏州,2号线,郭巷
苏州,2号线,郭苑路
苏州,2号线,尹山湖
苏州,2号线,独墅湖南
苏州,2号线,独墅湖邻里中心
苏州,2号线,月亮湾
苏州,2号线,松涛街
苏州,2号线,金谷路
苏州,2号线,金尚路
苏州,2号线,桑田岛
苏州,4号线,龙道浜
苏州,4号线,张庄
苏州,4号线,姚祥
苏州,4号线,活力岛
苏州,4号线,孙武纪念园
苏州,4号线,平泷路西
苏州,4号线,苏锦
苏州,4号线,苏州火车站
苏州,4号线,北寺塔
苏州,4号线,察院场
苏州,4号线,乐桥
苏州,4号线,三元坊
苏州,4号线,南门
苏州,4号线,人民桥南
苏州,4号线,团结桥
苏州,4号线,宝带路
苏州,4号线,石湖东路
苏州,4号线,红庄
苏州,4号线,清树湾
苏州,4号线,花港
苏州,4号线,江陵西路
苏州,4号线,江兴西路
苏州,4号线,流虹路
苏州,4号线,笠泽路
苏州,4号线,顾家荡
苏州,4号线,苏州湾东
苏州,4号线,松陵大道
苏州,4号线,吴江人民广场
苏州,4号线,吴江汽车站
苏州,4号线,庞金路
苏州,4号线,同里
苏州,4号线支线,红庄
苏州,4号线支线,蠡墅
苏州,4号线支线,石湖莫舍
苏州,4号线支线,越溪
苏州,4号线支线,文溪路
苏州,4号线支线,天鹅荡路
苏州,4号线支线,苏州湾北
苏州,4号线支线,木里
佛山,广佛线,新城东
佛山,广佛线,东平
佛山,广佛线,世纪莲
佛山,广佛线,澜石
佛山,广佛线,魁奇路
佛山,广佛线,季华园
佛山,广佛线,同济路
佛山,广佛线,祖庙
佛山,广佛线,普君北路
佛山,广佛线,朝安
佛山,广佛线,桂城
佛山,广佛线,南桂路
佛山,广佛线,岗
佛山,广佛线,千灯湖
佛山,广佛线,金融高新区
佛山,广佛线,龙溪
佛山,广佛线,菊树
佛山,广佛线,西i
佛山,广佛线,鹤洞
佛山,广佛线,沙涌
佛山,广佛线,沙园
佛山,广佛线,燕岗
佛山,广佛线,石溪
佛山,广佛线,南洲
佛山,广佛线,沥
昆明,1号线,环城南路
昆明,1号线,昆明火车站
昆明,1号线,福德
昆明,1号线,日新路
昆明,1号线,巫家坝
昆明,1号线,昌宏西路
昆明,1号线,晓东村
昆明,1号线,珥季路
昆明,1号线,星耀路
昆明,1号线,新亚洲体育城
昆明,1号线,南部汽车站
昆明,1号线,斗南
昆明,1号线,春融街
昆明,1号线,驼峰街
昆明,1号线,联大街
昆明,1号线,谊康南路
昆明,1号线,大学城
昆明,1号线,大学城南
昆明,1号线支线,春融街
昆明,1号线支线,市级行政中心清风
昆明,1号线支线,宜和路
昆明,1号线支线,白龙潭
昆明,1号线支线,昆明南火车站
昆明,2号线,环城南路
昆明,2号线,塘子巷
昆明,2号线,东风广场
昆明,2号线,交三桥
昆明,2号线,穿心鼓楼
昆明,2号线,火车北站
昆明,2号线,白云路
昆明,2号线,金星
昆明,2号线,北辰
昆明,2号线,霖雨桥
昆明,2号线,羊肠村
昆明,2号线,司家营
昆明,2号线,龙头街
昆明,2号线,北部汽车站
昆明,3号线,西山公园
昆明,3号线,车家壁
昆明,3号线,普坪村
昆明,3号线,石咀
昆明,3号线,大渔路
昆明,3号线,西部汽车站
昆明,3号线,眠山
昆明,3号线,昌源中路
昆明,3号线,西苑
昆明,3号线,梁家河
昆明,3号线,市体育馆
昆明,3号线,潘家湾
昆明,3号线,五一路
昆明,3号线,东风广场
昆明,3号线,拓东体育馆
昆明,3号线,大树营
昆明,3号线,金马寺
昆明,3号线,太平村
昆明,3号线,虹桥
昆明,3号线,东部汽车站
昆明,6号线,机场中心
昆明,6号线,机场前
昆明,6号线,大板桥
昆明,6号线,东部汽车站
西安,1号线,后卫寨
西安,1号线,三桥
西安,1号线,皂河
西安,1号线,枣园
西安,1号线,汉城路
西安,1号线,开远门
西安,1号线,劳动路
西安,1号线,玉祥门
西安,1号线,洒金桥
西安,1号线,北大街
西安,1号线,五路口
西安,1号线,朝阳门
西安,1号线,康复路
西安,1号线,通化门
西安,1号线,万寿路
西安,1号线,长乐坡
西安,1号线,汉
西安,1号线,半坡
西安,1号线,纺织城
西安,2号线,韦曲南
西安,2号线,航天城
西安,2号线,凤栖原
西安,2号线,三爻
西安,2号线,会展中心
西安,2号线,纬一街
西安,2号线,小寨
西安,2号线,体育场
西安,2号线,南稍门
西安,2号线,永宁门
西安,2号线,钟楼
西安,2号线,北大街
西安,2号线,安远门
西安,2号线,龙首原
西安,2号线,大明宫西
西安,2号线,市图书馆
西安,2号线,凤城五路
西安,2号线,行政中心
西安,2号线,运动公园
西安,2号线,北苑
西安,2号线,北客站
西安,3号线,鱼化寨
西安,3号线,丈八北路
西安,3号线,延平门
西安,3号线,科技路
西安,3号线,太白南路
西安,3号线,吉祥村
西安,3号线,小寨
西安,3号线,大雁塔
西安,3号线,北池头
西安,3号线,青龙寺
西安,3号线,延兴门
西安,3号线,咸宁路
西安,3号线,长乐公园
西安,3号线,通化门
西安,3号线,胡家庙
西安,3号线,石家街
西安,3号线,辛家庙
西安,3号线,广泰门
西安,3号线,桃花潭
西安,3号线,哄敝行
西安,3号线,香湖湾
西安,3号线,务庄
西安,3号线,国际港务区
西安,3号线,双寨
西安,3号线,新筑
西安,3号线,保税区
西安,4号线,北客站(北广场)
西安,4号线,元朔路
西安,4号线,凤城十二路
西安,4号线,凤城九路
西安,4号线,文景路
西安,4号线,行政中心
西安,4号线,市中医医院
西安,4号线,常青路
西安,4号线,百花村
西安,4号线,余家寨
西安,4号线,大明宫北
西安,4号线,大明宫
西安,4号线,含元殿
西安,4号线,五路口
西安,4号线,大差市
西安,4号线,和平门
西安,4号线,建筑科技大学・李家村
西安,4号线,西安科技大学
西安,4号线,大雁塔
西安,4号线,大唐芙蓉园
西安,4号线,曲江池西
西安,4号线,金滹沱
西安,4号线,航天大道
西安,4号线,飞天路
西安,4号线,东长安街
西安,4号线,神舟大道
西安,4号线,航天东路
西安,4号线,航天新城
郑州,1号线,河南工业大学
郑州,1号线,郑大科技园
郑州,1号线,郑州大学
郑州,1号线,梧桐街
郑州,1号线,兰寨
郑州,1号线,铁炉
郑州,1号线,市民中心
郑州,1号线,西流湖
郑州,1号线,西三环
郑州,1号线,秦岭路
郑州,1号线,五一公园
郑州,1号线,碧沙岗
郑州,1号线,绿城广场
郑州,1号线,医学院
郑州,1号线,郑州火车站
郑州,1号线,二七广场
郑州,1号线,人民路
郑州,1号线,紫荆山
郑州,1号线,燕庄
郑州,1号线,民航路
郑州,1号线,会展中心
郑州,1号线,黄河南路
郑州,1号线,农业南路
郑州,1号线,东风南路
郑州,1号线,郑州东站
郑州,1号线,博学路
郑州,1号线,市体育中心
郑州,1号线,龙子湖
郑州,1号线,文苑北路
郑州,2号线,刘庄
郑州,2号线,柳林
郑州,2号线,沙门
郑州,2号线,北三环
郑州,2号线,东风路
郑州,2号线,关虎屯
郑州,2号线,黄河路
郑州,2号线,紫荆山
郑州,2号线,东大街
郑州,2号线,陇海东路
郑州,2号线,二里岗
郑州,2号线,南五里堡
郑州,2号线,花寨
郑州,2号线,南三环
郑州,2号线,站马屯
郑州,2号线,南四环
郑州,城郊线,南四环
郑州,城郊线,十八里河
郑州,城郊线,沙窝李
郑州,城郊线,双湖大道
郑州,城郊线,华南城西
郑州,城郊线,华南城
郑州,城郊线,孟庄
郑州,城郊线,康平湖
郑州,城郊线,兰河公园
郑州,城郊线,恩平湖
郑州,城郊线,综合保税区
郑州,城郊线,新郑机场
长沙,1号线,开福区政府
长沙,1号线,马厂
长沙,1号线,北辰三角洲
长沙,1号线,开福寺
长沙,1号线,文昌阁
长沙,1号线,培元桥
长沙,1号线,五一广场
长沙,1号线,黄兴广场
长沙,1号线,南门口
长沙,1号线,侯家塘
长沙,1号线,南湖路
长沙,1号线,黄土岭
长沙,1号线,涂家冲
长沙,1号线,铁道学院
长沙,1号线,友谊路
长沙,1号线,省政府・清风
长沙,1号线,桂花坪
长沙,1号线,大托
长沙,1号线,中信广场
长沙,1号线,尚双塘
长沙,2号线,梅溪湖西
长沙,2号线,麓云路
长沙,2号线,文化艺术中心
长沙,2号线,梅溪湖东
长沙,2号线,望城坡
长沙,2号线,金星路
长沙,2号线,西湖公园
长沙,2号线,煌逭
长沙,2号线,橘子洲
长沙,2号线,湘江中路
长沙,2号线,五一广场
长沙,2号线,芙蓉广场
长沙,2号线,迎宾路口
长沙,2号线,袁家岭
长沙,2号线,长沙火车站
长沙,2号线,锦泰广场
长沙,2号线,万家丽广场
长沙,2号线,人民东路
长沙,2号线,长沙大道
长沙,2号线,沙湾公园
长沙,2号线,杜花路
长沙,2号线,长沙火车南站
长沙,2号线,光达
长沙,磁浮快线,磁浮机场站
长沙,磁浮快线,磁浮榔梨
长沙,磁浮快线,磁浮高铁站
宁波,1号线,霞浦
宁波,1号线,长江路
宁波,1号线,中河路
宁波,1号线,松花江路
宁波,1号线,大\
宁波,1号线,邬隘
宁波,1号线,宝幢
宁波,1号线,五乡
宁波,1号线,邱隘东
宁波,1号线,东环南路
宁波,1号线,盛莫路
宁波,1号线,福庆北路
宁波,1号线,海晏北路
宁波,1号线,世纪大道
宁波,1号线,福明路
宁波,1号线,樱花公园
宁波,1号线,舟孟北路
宁波,1号线,江厦桥东
宁波,1号线,东门口
宁波,1号线,鼓楼
宁波,1号线,西门口
宁波,1号线,大卿桥
宁波,1号线,泽民
宁波,1号线,望春桥
宁波,1号线,徐家漕长乐
宁波,1号线,芦港
宁波,1号线,梁祝
宁波,1号线,高桥
宁波,1号线,高桥西
宁波,2号线,栎社国际机场
宁波,2号线,栎社
宁波,2号线,鄞州大道
宁波,2号线,石\
宁波,2号线,轻纺城
宁波,2号线,藕池
宁波,2号线,客运中心
宁波,2号线,丽园南路
宁波,2号线,云霞路
宁波,2号线,宁波火车站
宁波,2号线,城隍庙
宁波,2号线,鼓楼
宁波,2号线,外滩大桥
宁波,2号线,正大路
宁波,2号线,倪家堰
宁波,2号线,压赛堰
宁波,2号线,大通桥
宁波,2号线,孔浦
宁波,2号线,路林
宁波,2号线,三官堂
宁波,2号线,宁波大学
宁波,2号线,清水浦
无锡,1号线,堰桥
无锡,1号线,锡北运河
无锡,1号线,西漳
无锡,1号线,天一
无锡,1号线,刘潭
无锡,1号线,庄前
无锡,1号线,民丰
无锡,1号线,无锡火车站
无锡,1号线,胜利门
无锡,1号线,三阳广场
无锡,1号线,南禅寺
无锡,1号线,谈渡桥
无锡,1号线,太湖广场
无锡,1号线,清名桥
无锡,1号线,人民医院
无锡,1号线,华清大桥
无锡,1号线,扬名
无锡,1号线,南湖家园
无锡,1号线,塘铁桥
无锡,1号线,金匮公园
无锡,1号线,市民中心
无锡,1号线,文化宫
无锡,1号线,江南大学
无锡,1号线,长广溪
无锡,2号线,无锡东站
无锡,2号线,迎宾广场
无锡,2号线,映月湖公园
无锡,2号线,查桥
无锡,2号线,九里河公园
无锡,2号线,云林
无锡,2号线,庄桥
无锡,2号线,东亭
无锡,2号线,柏庄
无锡,2号线,广益
无锡,2号线,靖海
无锡,2号线,上马墩
无锡,2号线,东林广场
无锡,2号线,三阳广场
无锡,2号线,五爱广场
无锡,2号线,梁溪大桥
无锡,2号线,大王基
无锡,2号线,河埒口
无锡,2号线,小桃源
无锡,2号线,荣巷
无锡,2号线,梅园开原寺
青岛,2号线,李村公园
青岛,2号线,李村
青岛,2号线,枣山路
青岛,2号线,华楼山路
青岛,2号线,东韩
青岛,2号线,辽阳东路
青岛,2号线,同安路
青岛,2号线,苗岭路
青岛,2号线,石老人浴场
青岛,2号线,海安路
青岛,2号线,海川路
青岛,2号线,海游路
青岛,2号线,麦岛
青岛,2号线,高雄路
青岛,2号线,燕儿岛路
青岛,2号线,浮山所
青岛,2号线,五四广场
青岛,2号线,芝泉路
青岛,3号线,青岛北站
青岛,3号线,永平路
青岛,3号线,振华路
青岛,3号线,君峰路
青岛,3号线,李村
青岛,3号线,万年泉路
青岛,3号线,海尔路
青岛,3号线,地铁大厦
青岛,3号线,长沙路
青岛,3号线,双山
青岛,3号线,清江路
青岛,3号线,错埠岭
青岛,3号线,敦化路
青岛,3号线,宁夏路
青岛,3号线,江西路
青岛,3号线,五四广场
青岛,3号线,延安三路
青岛,3号线,太平角公园
青岛,3号线,中山公园
青岛,3号线,汇泉广场
青岛,3号线,人民会堂
青岛,3号线,青岛站
青岛,11号线,苗岭路
青岛,11号线,会展中心
青岛,11号线,青岛二中
青岛,11号线,青岛科大
青岛,11号线,张村
青岛,11号线,枯桃
青岛,11号线,海洋大学
青岛,11号线,世博园
青岛,11号线,北宅
青岛,11号线,北九水
青岛,11号线,庙石
青岛,11号线,浦里
青岛,11号线,鳌山卫
青岛,11号线,山东大学
青岛,11号线,蓝色硅谷
青岛,11号线,水泊
青岛,11号线,博览中心
青岛,11号线,温泉东
青岛,11号线,皋虞
青岛,11号线,臧村
青岛,11号线,钱谷山
青岛,13号线,井冈山路
青岛,13号线,积米崖
青岛,13号线,灵山卫
青岛,13号线,学院路
青岛,13号线,朝阳山
青岛,13号线,辛屯(灵山湾)
青岛,13号线,两河
青岛,13号线,隐珠
青岛,13号线,凤凰山路
青岛,13号线,双珠路
青岛,13号线,世纪大道
青岛,13号线,盛海路(世博城)
青岛,13号线,大珠山
青岛,13号线,张家楼
青岛,13号线,古镇口
青岛,13号线,龙湾
青岛,13号线,琅琊
青岛,13号线,贡口湾
青岛,13号线,董家口港
青岛,13号线,泊里
青岛,13号线,董家口火车站
南昌,1号线,双港
南昌,1号线,孔目湖
南昌,1号线,长江路
南昌,1号线,珠江路
南昌,1号线,庐山南大道
南昌,1号线,绿茵路
南昌,1号线,卫东
南昌,1号线,地铁大厦
南昌,1号线,秋水广场
南昌,1号线,滕王阁
南昌,1号线,万寿宫
南昌,1号线,八一馆
南昌,1号线,八一广场
南昌,1号线,丁公路北
南昌,1号线,师大南路
南昌,1号线,彭家桥
南昌,1号线,谢家村
南昌,1号线,青山湖大道
南昌,1号线,高新大道
南昌,1号线,艾溪湖西
南昌,1号线,艾溪湖东
南昌,1号线,太子殿
南昌,1号线,奥体中心
南昌,1号线,瑶湖西
南昌,2号线,南路
南昌,2号线,大岗
南昌,2号线,生米
南昌,2号线,九龙湖南
南昌,2号线,市民中心
南昌,2号线,鹰潭街
南昌,2号线,国博
南昌,2号线,西站南广场
南昌,2号线,南昌西站
南昌,2号线,龙岗
南昌,2号线,国体中心
南昌,2号线,卧龙山
南昌,2号线,岭北
南昌,2号线,前湖大道
南昌,2号线,学府大道东
南昌,2号线,翠苑路
南昌,2号线,地铁大厦
福州,1号线,象峰
福州,1号线,秀山
福州,1号线,罗汉山
福州,1号线,福州火车站
福州,1号线,斗门
福州,1号线,树兜
福州,1号线,屏山
福州,1号线,东街口
福州,1号线,南门兜
福州,1号线,茶亭
福州,1号线,达道
福州,1号线,上藤
福州,1号线,三叉街
福州,1号线,白湖亭
福州,1号线,葫芦阵
福州,1号线,黄山
福州,1号线,排下
福州,1号线,城门
福州,1号线,三角埕
福州,1号线,胪雷
福州,1号线,福州火车南站
东莞,2号线,东莞火车站
东莞,2号线,茶山
东莞,2号线,榴花公园
东莞,2号线,下桥
东莞,2号线,天宝
东莞,2号线,东城
东莞,2号线,旗峰公园
东莞,2号线,鸿福路
东莞,2号线,西平
东莞,2号线,蛤地
东莞,2号线,陈屋
东莞,2号线,寮厦
东莞,2号线,珊美
东莞,2号线,展览中心
东莞,2号线,虎门火车站
南宁,1号线,火车东站
南宁,1号线,佛子岭
南宁,1号线,百花岭
南宁,1号线,岸客运站
南宁,1号线,凤岭
南宁,1号线,东盟商务区
南宁,1号线,万象城
南宁,1号线,会展中心
南宁,1号线,金湖广场
南宁,1号线,南湖
南宁,1号线,麻村
南宁,1号线,民族广场
南宁,1号线,新民路
南宁,1号线,朝阳广场
南宁,1号线,火车站
南宁,1号线,白苍岭
南宁,1号线,广西大学
南宁,1号线,鲁班路
南宁,1号线,动物园
南宁,1号线,清川
南宁,1号线,民族大学
南宁,1号线,西乡塘客运站
南宁,1号线,鹏飞路
南宁,1号线,南职院
南宁,1号线,石埠
南宁,2号线,西津
南宁,2号线,安吉客运站
南宁,2号线,苏卢
南宁,2号线,三十三中
南宁,2号线,秀厢
南宁,2号线,明秀路
南宁,2号线,火车站
南宁,2号线,朝阳广场
南宁,2号线,南宁剧场
南宁,2号线,福建园
南宁,2号线,亭洪路
南宁,2号线,石柱岭
南宁,2号线,江南客运站
南宁,2号线,大沙田
南宁,2号线,建设路
南宁,2号线,石子塘
南宁,2号线,金象
南宁,2号线,玉洞
合肥,1号线,九联圩
合肥,1号线,丙子铺
合肥,1号线,万年埠
合肥,1号线,万达城
合肥,1号线,云谷路
合肥,1号线,金斗公园
合肥,1号线,塘西河公园
合肥,1号线,紫庐
合肥,1号线,滨湖会展中心
合肥,1号线,高王
合肥,1号线,骆岗
合肥,1号线,南站南广场
合肥,1号线,合肥南站
合肥,1号线,望湖城
合肥,1号线,葛大店
合肥,1号线,秋浦河路
合肥,1号线,朱岗
合肥,1号线,合工大南区
合肥,1号线,包公园
合肥,1号线,大东门
合肥,1号线,明光路
合肥,1号线,长淮
合肥,1号线,合肥火车站
合肥,2号线,南岗
合肥,2号线,桂庄
合肥,2号线,汽车西站
合肥,2号线,振兴路
合肥,2号线,蜀山西
合肥,2号线,大蜀山
合肥,2号线,天柱路
合肥,2号线,科学大道
合肥,2号线,十里庙
合肥,2号线,西七里塘
合肥,2号线,五里墩
合肥,2号线,三里庵
合肥,2号线,安农大
合肥,2号线,三孝口
合肥,2号线,四牌楼
合肥,2号线,大东门
合肥,2号线,三里街
合肥,2号线,东五里井
合肥,2号线,东七里
合肥,2号线,漕冲
合肥,2号线,东二十埠
合肥,2号线,龙岗
合肥,2号线,王岗
合肥,2号线,三十埠
贵阳,1号线,小孟工业园
贵阳,1号线,清水江路
贵阳,1号线,长江路
贵阳,1号线,珠江路
贵阳,1号线,望城坡
贵阳,1号线,沙冲路
贵阳,1号线,贵阳火车站
贵阳,1号线,河滨公园
贵阳,1号线,中山西路
贵阳,1号线,喷水池
贵阳,1号线,北京路
贵阳,1号线,八鸽岩
贵阳,1号线,南垭路
贵阳,1号线,雅关
贵阳,1号线,贵阳北站
贵阳,1号线,白鹭湖
贵阳,1号线,新寨
贵阳,1号线,阳关
贵阳,1号线,国际生态会议中心
贵阳,1号线,观山湖公园
贵阳,1号线,林城西路
贵阳,1号线,阅山湖公园
贵阳,1号线,老湾塘
贵阳,1号线,下麦西
厦门,1号线,镇海路
厦门,1号线,中山公园
厦门,1号线,将军祠
厦门,1号线,文灶
厦门,1号线,湖滨东路
厦门,1号线,莲坂
厦门,1号线,莲花路口
厦门,1号线,吕厝
厦门,1号线,乌石浦
厦门,1号线,塘边
厦门,1号线,火炬园
厦门,1号线,殿前
厦门,1号线,高崎
厦门,1号线,集美学村
厦门,1号线,园博苑
厦门,1号线,杏林村
厦门,1号线,杏锦路
厦门,1号线,官任
厦门,1号线,诚毅广场
厦门,1号线,集美软件园
厦门,1号线,集美大道
厦门,1号线,天水路
厦门,1号线,厦门北站
厦门,1号线,岩内
哈尔滨,1号线,新疆大街
哈尔滨,1号线,渤海路
哈尔滨,1号线,镜泊路
哈尔滨,1号线,镜泊路
哈尔滨,1号线,同江路
哈尔滨,1号线,哈尔滨南站
哈尔滨,1号线,哈达
哈尔滨,1号线,医大二院
哈尔滨,1号线,黑龙江大学
哈尔滨,1号线,理工大学
哈尔滨,1号线,学府路
哈尔滨,1号线,和兴路
哈尔滨,1号线,西大桥
哈尔滨,1号线,哈工大
哈尔滨,1号线,铁路局
哈尔滨,1号线,博物馆
哈尔滨,1号线,医大一院
哈尔滨,1号线,烟厂
哈尔滨,1号线,工程大学
哈尔滨,1号线,太平桥
哈尔滨,1号线,交通学院
哈尔滨,1号线,桦树街
哈尔滨,1号线,哈尔滨东站
哈尔滨,3号线,医大二院
哈尔滨,3号线,哈西大街
哈尔滨,3号线,凯盛源广场
哈尔滨,3号线,哈尔滨西站
石家庄,1号线,西王
石家庄,1号线,时光街
石家庄,1号线,长城桥
石家庄,1号线,和平医院
石家庄,1号线,烈士陵园
石家庄,1号线,新百广场
石家庄,1号线,解放广场
石家庄,1号线,平安大街
石家庄,1号线,北国商城
石家庄,1号线,博物院
石家庄,1号线,体育场
石家庄,1号线,北宋
石家庄,1号线,谈固
石家庄,1号线,朝晖桥
石家庄,1号线,白佛
石家庄,1号线,留村
石家庄,1号线,火炬广场
石家庄,1号线,石家庄东站
石家庄,1号线,南村
石家庄,1号线,┖哟蟮
石家庄,3号线,市二中
石家庄,3号线,新百广场
石家庄,3号线,东里
石家庄,3号线,槐安桥
石家庄,3号线,西三教
石家庄,3号线,石家庄站
